Year,Rank,Time,"Surname, first name"
2023,1,19:37:43 h,"Walmsley, Jim"
2023,2,19:58:58 h,"Miller, Zachary"
2023,3,20:10:52 h,"Grangier, Germain"
2023,4,20:54:25 h,"Blanchard, Mathieu"
2023,5,21:00:54 h,"Pommeret, Ludovic"
2023,6,21:10:38 h,"Garrivier, Thibaut"
2023,7,21:19:21 h,"Green, Tyler"
2023,8,21:20:46 h,"Namberger, Hannes"
2023,9,21:31:22 h,"Joyeux-Bouillon, Arthur"
2023,10,21:38:11 h,"Chassagne, Baptiste"
2023,11,21:47:12 h,"Lopez Iturralde, Joaquin Andres"
2023,12,21:55:59 h,"Jones, Daniel"
2023,13,21:59:01 h,"Rueda, Santos Gabriel"
2023,14,22:07:10 h,"Duo, Ji"
2023,15,22:13:58 h,"Hawker, Scott"
2023,16,22:25:20 h,"Joly de Lotbiniere, Thomas"
2023,17,22:32:59 h,"Farvard, Rod"
2023,18,22:38:02 h,"Butaci, Octaviu Raul"
2023,19,22:41:09 h,"Yun, Yan-Qiao"
2023,20,23:01:40 h,"Pereyra, Sergio Gustavo"
2023,21,23:03:13 h,"Boucheix, Alexandre"
2023,22,23:10:40 h,"Ferrari, Ugo"
2023,23,23:17:35 h,"Rovera, Rene"
2023,24,23:17:36 h,"Pazos, Diego"
2023,25,23:29:14 h,"Dauwalter, Courtney"
2023,26,23:31:32 h,"Grinius, Gediminas"
2023,27,23:45:26 h,"Grasel, Florian"
2023,28,23:47:43 h,"Fleury, Bastien"
2023,29,23:56:00 h,"Woodward, Canyon"
2023,30,24:10:33 h,"Lesniak, Kamil"
2023,31,24:10:52 h,"Hartmuth, Katharina"
2023,32,24:22:50 h,"L'Hirondel, Blandine"
2023,33,24:44:37 h,"Le Boudec, Theo"
2023,34,24:48:23 h,"Desille, Clement"
2023,35,24:50:18 h,"Li, Zai-Ran"
2023,36,24:50:33 h,"Xiang, Fu-Zhao"
2023,37,24:53:46 h,"MacDonald, Adrian"
2023,38,24:58:38 h,"Wang, Ji-Qian"
2023,39,25:01:39 h,"Kik, Tomasz"
2023,40,25:02:26 h,"Maiora Elizondo, Maite"
2023,41,25:04:40 h,"Peters, Ethan"
2023,42,25:17:50 h,"Sandes, Ryan"
2023,43,25:18:43 h,"Yoshimura, Kensuke"
2023,44,25:20:23 h,"Solinska, Katarzyna"
2023,45,25:27:06 h,"Sedlak, Ales"
2023,46,25:28:05 h,"Kaufmann, Gerhard"
2023,47,25:35:07 h,"Nishikata, Hayato"
2023,48,25:44:05 h,"Hutter, Alexander"
2023,49,25:46:06 h,"Chew, David"
2023,50,25:48:54 h,"MacDonald, Ailsa"
2023,51,25:50:49 h,"Godineau, Edouard"
2023,52,25:54:28 h,"Perrot, Guillaume"
2023,53,25:56:26 h,"Ikehata, Takuya"
2023,54,26:03:24 h,"Perez Fernandez, Daniel"
2023,55,26:08:16 h,"Byrne, Gavin Scott"
2023,56,26:08:31 h,"Duboz, Patrick"
2023,57,26:09:40 h,"Ryan, David"
2023,58,26:13:36 h,"Øvstehage, Vemund"
2023,59,26:15:13 h,"Caffier, Arthur"
2023,60,26:15:44 h,"Colt, Jeffrey"
2023,61,26:18:09 h,"Golea, Cedric"
2023,62,26:21:24 h,"Yingling, Leah"
2023,63,26:21:36 h,"Bethencourt Guimera, Rafael"
2023,64,26:23:06 h,"Backhausen, Majell"
2023,65,26:29:29 h,"Gobaille, Mathieu"
2023,66,26:33:13 h,"Deville Cavellin, Matthieu"
2023,67,26:42:56 h,"Jurek, Michal"
2023,68,26:45:44 h,"Zufferey, Yannik"
2023,69,26:49:27 h,"Tollefson, Timo"
2023,69,26:49:27 h,"Segard, Augustin"
2023,71,26:50:06 h,"Arce, Patrick"
2023,72,26:58:53 h,"Stanley, Sabrina"
2023,73,26:59:55 h,"Murrel, Jack"
2023,74,27:00:46 h,"Tucci, Simone"
2023,75,27:02:56 h,"Rabe, Magnus"
2023,76,27:07:11 h,"Bruno, Tobias"
2023,77,27:07:50 h,"Mira Llorens, Efren"
2023,78,27:09:16 h,"Kim, Ji-Su"
2023,79,27:09:23 h,"Lin, Xiao"
2023,80,27:12:55 h,"Dabrowski, Kamil"
2023,81,27:19:04 h,"Arias Rozada, Borja"
2023,82,27:19:16 h,"Guillerm, Yann"
2023,83,27:20:34 h,"Olivier, Florian"
2023,84,27:21:02 h,"Gallay, Arnaud"
2023,85,27:22:56 h,"Urbanski, Matthew"
2023,86,27:24:36 h,"Vadzis, Arturs"
2023,87,27:25:31 h,"Raimbault, Juste"
2023,88,27:27:19 h,"Englund, Tom"
2023,89,27:28:28 h,"Moissonnier, Louis-Christophe"
2023,90,27:28:49 h,"Beaumatin, Nicolas"
2023,91,27:32:19 h,"Chauvin, Anthony"
2023,92,27:32:46 h,"Marcuccilli, Jeremie"
2023,93,27:36:59 h,"Haya Calderon, Hugo"
2023,94,27:37:21 h,"Pailler, Tony"
2023,95,27:39:23 h,"Bartholomew, Lucinda (Lucy)"
2023,96,27:40:25 h,"Carimentrand, Baptiste"
2023,97,27:40:32 h,"Robert, Sebastien"
2023,98,27:44:55 h,"Bamford, Nicholas"
2023,99,27:49:13 h,"Buffard, Sebastien"
2023,100,27:51:12 h,"Luisier, Jean-Gregoire"
2023,101,27:58:07 h,"Thenaisie, Mathias"
2023,102,27:58:47 h,"El Sawy, Omar"
2023,103,28:01:54 h,"Perez, David"
2023,104,28:01:55 h,"Brunel, Florian"
2023,105,28:04:41 h,"Vidal Gil, Moises"
2023,106,28:05:39 h,"Heslop, Claire"
2023,107,28:05:47 h,"Nanaszko, Michael"
2023,108,28:08:48 h,"Masramon Ballus, Marc"
2023,109,28:09:28 h,"Contesti Coll, Antonio"
2023,110,28:10:06 h,"Sole Ametller, Marc"
2023,111,28:18:02 h,"Lee, Anthony"
2023,112,28:20:49 h,"Jan, Kevin"
2023,113,28:21:05 h,"Klancnik Potrc, Martina"
2023,114,28:23:40 h,"Aussel, Julien"
2023,115,28:25:39 h,"Sepp, Leivo"
2023,116,28:27:19 h,"Calcinoni, Massimiliano"
2023,117,28:29:27 h,"Mederle, Manuel"
2023,118,28:29:49 h,"Ciabarri, Michele"
2023,119,28:30:09 h,"Ninot, Gael"
2023,120,28:34:53 h,"Vaudan, Emily"
2023,121,28:40:03 h,"Gonthier, Julien"
2023,122,28:46:41 h,"Debil-Caux, Victor"
2023,123,28:47:11 h,"Pleintinger, Sebastian"
2023,124,28:50:03 h,"Lagneau, Julien"
2023,125,28:50:49 h,"Montserrat Lope, Pere"
2023,126,28:50:57 h,"Garcia Mendoza, Raul"
2023,127,28:51:45 h,"Boivin, Nicolas"
2023,128,28:52:26 h,"Coquard, Aline"
2023,129,28:53:08 h,"Miyazaki, Kimino"
2023,130,28:54:50 h,"Gossiaux, Renan"
2023,131,28:55:35 h,"Hernandez Grillo, Aaron Adasat"
2023,132,28:58:50 h,"Dalla Valle, Filippo"
2023,133,29:01:43 h,"Gomez Calderon, Raul"
2023,134,29:05:10 h,"Didier, Kevin"
2023,135,29:10:03 h,"Fiaschi, Jacopo"
2023,136,29:10:11 h,"Steidler, Adam"
2023,137,29:10:50 h,"Pracht, Stefan"
2023,138,29:12:40 h,"Bannwarth, Claire"
2023,139,29:13:27 h,"Lesniak, Michal"
2023,140,29:14:31 h,"Cheung, Man-Yee"
2023,141,29:15:39 h,"Grifgnee, Christophe"
2023,142,29:18:51 h,"Coutty, Yann"
2023,143,29:19:54 h,"Johnstone, Shane"
2023,144,29:24:06 h,"Adam, Romain"
2023,145,29:25:37 h,"Barrett, Luke"
2023,146,29:26:18 h,"Lehkonen, Henri"
2023,147,29:26:54 h,"Wright, Katie"
2023,148,29:28:18 h,"Coubrough, Benn"
2023,149,29:29:55 h,"Antoine, Samuel"
2023,150,29:29:57 h,"Basham, Amanda Nicole"
2023,150,29:29:57 h,"Daniels, Matt"
2023,152,29:30:39 h,"Robin, Philippe"
2023,153,29:31:36 h,"Hernandez Sesma, Lucas"
2023,154,29:31:54 h,"Ioannou, Giorgos"
2023,155,29:34:06 h,"Leblanc, Romain"
2023,156,29:34:29 h,"Kuschmierz, Felix"
2023,157,29:34:32 h,"Ferrieres, Remi"
2023,158,29:36:00 h,"Mettetal, Julien"
2023,159,29:37:10 h,"Dammann, Moritz"
2023,160,29:37:59 h,"Sanchez Garcia, Esteban"
2023,161,29:38:23 h,"Crellin, Alexis"
2023,162,29:39:39 h,"Guillome, Emmanuel"
2023,163,29:39:42 h,"Guillome, Olivier"
2023,164,29:39:49 h,"Baron, Alexis"
2023,165,29:39:57 h,"Bour, Guillaume"
2023,166,29:46:01 h,"Chen, Rong-Rong"
2023,167,29:46:55 h,"Gari, Jorge"
2023,168,29:53:59 h,"Guerra Perez, Cristian"
2023,169,29:55:41 h,"Trovatelli, Dario"
2023,170,29:57:04 h,"Verna, Alexandre"
2023,171,29:57:27 h,"Pinyol Masana, Jordi"
2023,172,29:58:57 h,"Lüthi, Hanspeter"
2023,173,30:08:13 h,"Zimmer, Julien"
2023,174,30:21:21 h,"Busolini, Adrian"
2023,175,30:23:18 h,"Ward, Dave"
2023,176,30:27:25 h,"Gieschke, Patrick"
2023,177,30:29:10 h,"Fuentes Rivera, Hector"
2023,178,30:31:06 h,"Mougin, Eric"
2023,179,30:31:24 h,"Howland, Philip"
2023,180,30:33:06 h,"Cochet, Damien"
2023,181,30:36:08 h,"Quere, Guillaume"
2023,182,30:37:42 h,"Augusto dos Santos, Daniel"
2023,183,30:39:20 h,"Demare, Romain"
2023,184,30:40:35 h,"Massat, Daniel"
2023,185,30:41:51 h,"Marron, Pierre"
2023,186,30:42:53 h,"Wong, Ka-Kit"
2023,187,30:43:21 h,"Frigon, Samuel"
2023,188,30:47:06 h,"Weidman, William"
2023,189,30:48:02 h,"Borgersen, Elisabeth"
2023,190,30:56:22 h,"Lebettre, Francois"
2023,191,30:58:33 h,"Evers, Steven"
2023,192,30:59:44 h,"Bouchet, Antoine"
2023,193,31:02:24 h,"Kaszuba, Michal"
2023,194,31:05:06 h,"Romero, Frederic"
2023,195,31:05:14 h,"Cali, Vivien"
2023,196,31:05:25 h,"Bertelle, Alessandro"
2023,197,31:06:20 h,"Vila, Jaime"
2023,198,31:09:26 h,"Monteiro, Vasco"
2023,199,31:11:18 h,"Martins, Antonio"
2023,200,31:12:02 h,"Dubreuil, Kevin"
2023,201,31:14:06 h,"Lewis-Tremblay, Brandon"
2023,202,31:16:05 h,"Matsuda, Hiroyuki"
2023,203,31:21:04 h,"Escudero Miquel, Jordi"
2023,204,31:22:35 h,"Gutierrez Arriola, Lope"
2023,205,31:23:10 h,"Istina, Andrei"
2023,206,31:23:42 h,"Jonsson, Thomas"
2023,207,31:25:07 h,"Collignon, Jean-Remi"
2023,208,31:25:21 h,"Gonzalez Llera, David"
2023,209,31:25:30 h,"Sarrade-Loucheur, Benjamin"
2023,210,31:26:15 h,"Buzoi, Tudorel"
2023,211,31:28:17 h,"Sanchez Parra, Felix"
2023,212,31:28:26 h,"Isaksson, Oscar"
2023,213,31:30:36 h,"Molyneaux, Michael"
2023,214,31:30:39 h,"Ngaka, Chris"
2023,215,31:31:20 h,"Tinucci, Jack"
2023,216,31:32:02 h,"Galeano Cruz, Gilmer"
2023,217,31:32:32 h,"Rios Peredo, Elisabeth"
2023,218,31:33:52 h,"Miao, David"
2023,219,31:34:24 h,"Farrell, Lonan O."
2023,220,31:34:26 h,"Hand, Sam"
2023,221,31:36:59 h,"Yamada, Yosuke"
2023,222,31:37:09 h,"Miles, James"
2023,223,31:37:35 h,"Ramajo Farre, Ruben"
2023,224,31:37:55 h,"Adams, John"
2023,225,31:38:11 h,"Soler Jimenez, Maria Victoria"
2023,226,31:39:43 h,"Schuller, Peter"
2023,226,31:39:43 h,"Ionce, Florin Adrian"
2023,228,31:42:02 h,"Bonilla Jimenez, Francisco Luis"
2023,229,31:43:05 h,"Fagnoni, Basile"
2023,230,31:45:05 h,"Marteau, Clement"
2023,231,31:46:36 h,"Bernasconi, Celine"
2023,232,31:48:07 h,"Godefroid, Emmanuel"
2023,233,31:48:12 h,"Bourgeteau, Guillaume"
2023,234,31:49:58 h,"Flores Hernandez, Dani"
2023,235,31:50:04 h,"Sciarretta, Christian"
2023,236,31:50:09 h,"Requena Osete, Jordi"
2023,237,31:50:51 h,"Vogel, Mark"
2023,238,31:52:39 h,"Benci, Michael"
2023,239,31:53:52 h,"Fernandez Canego, Angel"
2023,240,31:56:02 h,"Tissot, Florian"
2023,241,31:56:22 h,"de Riz, Francesco"
2023,242,31:57:08 h,"Simantrakou, Despoina"
2023,243,31:57:47 h,"Radu, Andrei-Marius"
2023,244,31:58:53 h,"Maurin, Florent"
2023,245,31:58:55 h,"Barale, Laura"
2023,246,31:59:10 h,"Mateo, Fabrice"
2023,247,31:59:20 h,"Cazorla, Julien"
2023,248,31:59:27 h,"Evans, Luke"
2023,249,32:02:03 h,"Plisson, Geoffrey"
2023,250,32:03:07 h,"Straßer, Vadym"
2023,251,32:04:28 h,"Wilken, Shari"
2023,252,32:05:31 h,"Bielby, William"
2023,253,32:07:34 h,"Tsukuda, Naoki"
2023,254,32:08:18 h,"Lernout, Mathieu"
2023,255,32:09:26 h,"Pilley, Morgan"
2023,256,32:09:45 h,"Noren, Andreas"
2023,257,32:14:32 h,"Romulus, Benoit"
2023,258,32:15:29 h,"Januel, Etienne"
2023,259,32:15:55 h,"Regnault, Maxime"
2023,260,32:16:56 h,"Farque, Alix Anne"
2023,261,32:18:01 h,"Leconte, Fabien"
2023,262,32:22:28 h,"van der Veen, Eva Leonoor"
2023,263,32:22:43 h,"Calderon Jare, Luis Fernando"
2023,264,32:22:51 h,"Sanchez del Pino, Antonio"
2023,265,32:23:55 h,"Locatelli, Ernesto"
2023,266,32:23:56 h,"Le Rouzic, Mikael"
2023,267,32:25:06 h,"Lagarde, Sebastien"
2023,268,32:25:26 h,"Vlasakova, Andrea"
2023,269,32:26:08 h,"Poskin, Brady"
2023,270,32:29:15 h,"Hadjali, Adele"
2023,271,32:32:28 h,"Garcia Sitjar, Manuel Guillermo"
2023,272,32:35:41 h,"Ricard, Stephane"
2023,273,32:36:22 h,"Jalmin, Loic"
2023,274,32:37:57 h,"Suda, Yuta"
2023,275,32:40:59 h,"File, Balazs"
2023,276,32:41:15 h,"Herrero Arranz, Ruben"
2023,277,32:41:57 h,"Mongay Monteso, Pere"
2023,278,32:44:30 h,"Grosjean, Arnaud"
2023,279,32:45:11 h,"Howell, Shannon"
2023,280,32:47:00 h,"Martinez Herrera, Leire"
2023,281,32:47:13 h,"Thiery, Benoit"
2023,282,32:48:07 h,"Matous, Michal"
2023,283,32:48:48 h,"Regehr, Bentley"
2023,284,32:48:51 h,"Nordlöf, Tomas"
2023,285,32:49:10 h,"Hendel, Ulrich"
2023,286,32:49:13 h,"Rozan, Joseph"
2023,287,32:49:14 h,"Harrington, Christopher"
2023,288,32:50:45 h,"Khrapko, Serhii"
2023,289,32:51:10 h,"Gantes De Diego, Ivan"
2023,290,32:51:25 h,"Fauvi, Anthony"
2023,291,32:52:12 h,"Piittinen, Matti"
2023,292,32:52:27 h,"Grumbinas, Ramunas"
2023,293,32:52:34 h,"Ollive, Clement"
2023,294,32:52:35 h,"Swanson, Adam"
2023,295,32:53:34 h,"Dris Maanan, Omar"
2023,296,32:55:36 h,"Cornuau, Damien"
2023,297,33:02:36 h,"Redier, David"
2023,298,33:04:38 h,"Thollet, Jerome"
2023,299,33:06:11 h,"Imhoff, Kyle"
2023,300,33:09:14 h,"Boujon, Loic"
2023,301,33:09:52 h,"de Schouwer, Senne"
2023,302,33:11:26 h,"Angot, Xavier"
2023,303,33:12:56 h,"Yan, Chi-Yee (Angie)"
2023,304,33:14:08 h,"Wisniewski, Pawel"
2023,305,33:14:43 h,"Syse, Bjorn"
2023,306,33:15:30 h,"Ståhlkloo, Anna"
2023,306,33:15:30 h,"Dermody, Matthew"
2023,308,33:15:39 h,"Orders, Nathaniel"
2023,309,33:15:41 h,"Zych, Katarzyna"
2023,310,33:16:09 h,"Maize, Ryan"
2023,311,33:17:03 h,"Vomocil, Michal"
2023,312,33:17:30 h,"Bouyer, Michael"
2023,313,33:17:54 h,"Bernard, Yannick"
2023,314,33:18:57 h,"Feutrie, Louis"
2023,315,33:19:37 h,"Goad, Ralf"
2023,316,33:19:43 h,"Beckmann, Alexander"
2023,317,33:20:54 h,"Dessauvages, Julien"
2023,318,33:24:04 h,"Gaetani, Matteo"
2023,319,33:27:53 h,"Kuroda, Takuya"
2023,320,33:29:38 h,"Raimondo, Franck"
2023,321,33:30:59 h,"Adelantado Guitart, Eleuteri"
2023,322,33:31:42 h,"Kohakura, Yohei"
2023,323,33:31:45 h,"Oromi Torrent, Josep"
2023,324,33:33:38 h,"Schenone, Kyle"
2023,325,33:34:48 h,"Andersson, Oscar"
2023,326,33:35:11 h,"Kulicki, Lukasz"
2023,327,33:35:23 h,"Fos Llopart, Francesc"
2023,328,33:36:29 h,"Lores Meis, Jose Manuel"
2023,329,33:38:35 h,"Gnemmi, Julien"
2023,330,33:38:58 h,"Pertl, Hannes"
2023,331,33:40:33 h,"Girard, Clement"
2023,331,33:40:33 h,"Pelatan, Cyrille"
2023,333,33:42:10 h,"Anel, Fabrice"
2023,334,33:42:27 h,"Oszaczki, Geza"
2023,335,33:43:50 h,"Bechet, Guillaume"
2023,336,33:44:36 h,"Gansterer, Martin"
2023,337,33:45:27 h,"Kojima, Michio"
2023,338,33:46:14 h,"Wakabayashi, Aya"
2023,339,33:47:15 h,"Sola Cordoba, Moises"
2023,340,33:47:16 h,"Carreras Dorca, Enric"
2023,341,33:47:56 h,"Vignoli, Alexandre"
2023,342,33:50:44 h,"Almonacid, Pablo Andres"
2023,343,33:50:46 h,"Fontaine, Anthony"
2023,344,33:51:04 h,"Vanzo, Elia"
2023,345,33:51:24 h,"Vaupel, Martin"
2023,346,33:51:42 h,"Vogt, Roman"
2023,347,33:53:05 h,"Couget, Julien"
2023,348,33:54:37 h,"Halliday, Johnny"
2023,349,33:54:38 h,"O'Sullivan, Esther"
2023,350,33:56:03 h,"Ramirez, Claudia Veronica"
2023,351,33:56:16 h,"Bardou, Olivier"
2023,352,33:56:43 h,"Kalavsky, Julius"
2023,353,33:56:52 h,"Malfatti, Alberic"
2023,354,33:57:46 h,"Wang, Hang-Bing"
2023,355,34:00:02 h,"Williams, Adam"
2023,356,34:02:50 h,"Inanaga, Yusuke"
2023,357,34:03:03 h,"Kernstock, Stefan"
2023,358,34:04:31 h,"Macias Diaz, Albert"
2023,359,34:05:36 h,"Pecher, Christian"
2023,360,34:06:43 h,"Kotarba, Wojciech"
2023,361,34:06:52 h,"Locatelli, Alessandro"
2023,362,34:09:12 h,"Michit, David"
2023,363,34:10:16 h,"Sugawara, Yukihiko"
2023,364,34:11:59 h,"Diaz, Omar"
2023,365,34:13:29 h,"Thomas, Christophe"
2023,366,34:15:19 h,"Bray, Michael"
2023,367,34:16:29 h,"Thabuis, Jerome"
2023,368,34:17:36 h,"Thomas, Johan"
2023,368,34:17:36 h,"Quintero Saurina, Enrique"
2023,370,34:17:40 h,"Pitzalis, Antonio"
2023,370,34:17:40 h,"Cougnaud, Julien"
2023,372,34:18:06 h,"Gruau, Stanislas"
2023,373,34:20:57 h,"Do, Trong-Nhon"
2023,374,34:21:56 h,"Gomes, Francisco"
2023,375,34:22:59 h,"Bouriel, Yoann"
2023,376,34:23:11 h,"Guedon, Julien"
2023,377,34:23:40 h,"Sugimoto, Satoshi"
2023,378,34:25:30 h,"Lim, Wonbin"
2023,379,34:26:21 h,"Berger, Daniel"
2023,380,34:26:31 h,"Parpan, Andreas"
2023,381,34:26:36 h,"Chapman, Tyler"
2023,382,34:26:40 h,"Schönlieb, Bostjan"
2023,383,34:27:07 h,"Calvert, Howard"
2023,384,34:27:14 h,"Leclerc, Sebastien"
2023,385,34:27:50 h,"Francese, Stefano"
2023,386,34:28:40 h,"Grochowski, Marek"
2023,387,34:28:57 h,"Meunier, Jean-Marc"
2023,388,34:29:07 h,"Alonso Ferreira, Jesus"
2023,389,34:29:21 h,"Mulder, Rickert"
2023,390,34:29:54 h,"Carceller Nunez, Jordi"
2023,391,34:30:09 h,"Huzij, Frank"
2023,392,34:30:47 h,"Ireland, Lee"
2023,393,34:31:18 h,"Cabriolu, Gian Franco"
2023,394,34:31:40 h,"Thannil, Sarayut"
2023,395,34:31:41 h,"Chotchindakun, Kittipat"
2023,396,34:32:31 h,"Hogan, Kelsey"
2023,397,34:34:21 h,"Martinez Payan, Salvador"
2023,398,34:35:04 h,"Saddier, Florent"
2023,399,34:35:10 h,"Finegan, Oran"
2023,400,34:36:05 h,"Agnew, Darren"
2023,401,34:37:41 h,"Saussol, Olivier"
2023,402,34:37:46 h,"Head, Lauren"
2023,403,34:38:47 h,"Ballet-Baz, Jeremie"
2023,404,34:39:29 h,"Geiger, Michael"
2023,405,34:40:19 h,"Bouchet, Alexandre"
2023,406,34:40:33 h,"O'Byrne, Anna"
2023,407,34:40:41 h,"Kotai, Victor"
2023,408,34:41:04 h,"Pavic, Branislav"
2023,409,34:42:19 h,"Sanz, Elena"
2023,410,34:43:28 h,"Abe, Yosuke"
2023,411,34:43:29 h,"Cronshaw, Darran"
2023,412,34:43:44 h,"Picard, Pierre"
2023,413,34:45:50 h,"Bouliere, Fabien"
2023,414,34:48:58 h,"Roumagnac, Marc"
2023,415,34:51:50 h,"Guevel, Alexis"
2023,416,34:52:19 h,"Furudate, Manabu"
2023,417,34:52:46 h,"Boivin, Samuel"
2023,418,34:53:13 h,"Le Boudec, Pierre"
2023,419,34:54:20 h,"Morales Mosquera, Lorenzo"
2023,420,34:56:38 h,"Thomas, Kevin"
2023,421,34:57:09 h,"Duc, Christophe"
2023,422,34:58:37 h,"Tian, Shan-fu"
2023,423,34:59:25 h,"Farrell, Michael O."
2023,424,34:59:57 h,"Granara, Johann"
2023,425,35:01:31 h,"Serrano Garcia, Javier"
2023,426,35:01:54 h,"Garcia de Marina Soler, Guillermo"
2023,427,35:03:21 h,"Karmoun, Mohamed-Jaouad"
2023,428,35:03:22 h,"Vercasson, Louis"
2023,429,35:05:18 h,"Collantes Pena, Martin"
2023,430,35:06:15 h,"Plötner, Kay"
2023,431,35:07:29 h,"Chase, David"
2023,432,35:07:45 h,"Cuddy, Jason"
2023,433,35:07:50 h,"Urbanc, Eva"
2023,434,35:08:35 h,"Prades Beltran, Carlos"
2023,435,35:11:24 h,"White, James"
2023,436,35:13:22 h,"Jones, Ellen"
2023,437,35:13:29 h,"Kierkegaard, David"
2023,438,35:13:46 h,"Cabaleiro Calveiro, Manuel"
2023,439,35:19:21 h,"Staite, Richard"
2023,440,35:23:02 h,"Walem, Olivier"
2023,441,35:23:18 h,"Smith, Aaron"
2023,442,35:24:38 h,"Charlier, Maxime"
2023,443,35:24:53 h,"Bolatre, Morgan"
2023,444,35:26:07 h,"Herrero, Eric"
2023,445,35:27:43 h,"Saulo, Domenico"
2023,446,35:28:04 h,"Guo, Lu"
2023,447,35:28:05 h,"Jonsson, Jon"
2023,448,35:28:25 h,"Tani, Koji"
2023,449,35:29:30 h,"Benitez Chicharro, Sergio"
2023,450,35:30:28 h,"Silvestri, Francois"
2023,451,35:30:29 h,"Tajime, Nobuyasu"
2023,452,35:30:31 h,"Amat, Milton"
2023,453,35:31:15 h,"Martines Llinares, Joan de Deu"
2023,454,35:31:46 h,"Rundgren, Oskar"
2023,455,35:32:50 h,"Bright, Jake"
2023,456,35:35:34 h,"Lafleche, Matthieu"
2023,457,35:35:46 h,"Oumson, Panyavat"
2023,458,35:36:36 h,"Kiso, Tetsuo"
2023,459,35:37:09 h,"Teixidor Bonada, Albert"
2023,460,35:38:09 h,"Andreani, Simone"
2023,461,35:38:43 h,"Allington, Charles"
2023,462,35:39:50 h,"Tome, Andrea"
2023,463,35:41:34 h,"Vasconcelos, Daniel"
2023,464,35:41:43 h,"de Sousa, Fabien"
2023,465,35:43:51 h,"Mallofre Abante, Aleix"
2023,466,35:44:06 h,"Mayglothling, Sam"
2023,467,35:44:26 h,"Takahashi, Kazuyuki"
2023,468,35:46:07 h,"Moreno Manzano, Serafin"
2023,469,35:46:11 h,"Aceituno Azaustre, Antonio"
2023,470,35:46:25 h,"Ducher, Ludovic"
2023,471,35:47:18 h,"Lakhram, Ryan"
2023,472,35:47:20 h,"Kardash, Mariia"
2023,473,35:48:27 h,"Ferrari, Angelo Francesco"
2023,474,35:49:48 h,"Alejandrino, Gonzalo Jr Marinay"
2023,475,35:49:50 h,"Vezentan, Laurentiu"
2023,476,35:50:41 h,"Hoffert, Alyssa"
2023,477,35:51:13 h,"Clark, Ben"
2023,478,35:51:57 h,"Andersson, Oscar"
2023,479,35:51:58 h,"Hillerström, Patrik"
2023,480,35:52:55 h,"Caraffa, Mirco"
2023,481,35:52:57 h,"Carraud, Francois-Xavier"
2023,482,35:54:32 h,"Ngiampaisan, Amnart"
2023,483,35:54:54 h,"Mitake, Shusuke"
2023,484,35:54:56 h,"Pujol, Josselin"
2023,485,35:55:02 h,"Abraham, Emmanuel Pierre"
2023,486,35:55:04 h,"Josefsson, Patrik"
2023,487,35:55:08 h,"Hartelius, Johan"
2023,488,35:55:20 h,"Lemaitre, Florian"
2023,489,35:55:41 h,"Vitting, Ellen"
2023,490,35:55:45 h,"Hammond, Paul"
2023,491,35:56:42 h,"Pope, Alexander"
2023,492,35:56:49 h,"Meury, Pascal"
2023,493,35:56:51 h,"Bouriel, Steve"
2023,494,35:58:53 h,"Blet, Benoist"
2023,495,35:59:06 h,"Dureci, Ruxandra Cristiana"
2023,496,36:00:18 h,"Lye, Chi-Hsiung (Ian)"
2023,497,36:01:32 h,"Nattrass, Brett"
2023,498,36:02:53 h,"Drilling, Carsten"
2023,499,36:04:27 h,"Roux Fouillet, Aurelien"
2023,500,36:05:43 h,"Dijokas, Marius"
2023,501,36:06:17 h,"Schwander, Julien"
2023,502,36:06:39 h,"Dubosson, Pierre-Yves"
2023,503,36:08:18 h,"Mourot, Nicolas"
2023,504,36:08:32 h,"Bachman, Theodore"
2023,505,36:08:38 h,"Beavers, Mary Morgan"
2023,506,36:09:20 h,"Rebout, Romain"
2023,507,36:17:16 h,"Masson, Xavier"
2023,508,36:17:32 h,"Vrieling, Lammert"
2023,509,36:17:51 h,"Daniel, Guillaume"
2023,509,36:17:51 h,"Esteve Paya, Juan"
2023,511,36:18:28 h,"Bee, Hai-Chun"
2023,512,36:19:01 h,"Chidester, Jason"
2023,513,36:19:15 h,"Rodriguez Aguilar, Jordi"
2023,514,36:20:39 h,"Rubio Mendez, Roke"
2023,515,36:20:47 h,"Tsunoda, Yoshihiro"
2023,516,36:20:53 h,"van Veen, Abram"
2023,517,36:21:27 h,"de Gasquet, Bertrand"
2023,518,36:21:34 h,"Sangenis Esteve, Jordi"
2023,519,36:22:01 h,"Parjadis, Nathan"
2023,520,36:22:07 h,"Reynolds, Daniel"
2023,521,36:22:33 h,"Pillet, Alain"
2023,522,36:22:50 h,"Keat, John"
2023,523,36:23:12 h,"Passrugger, Manfred"
2023,524,36:23:13 h,"Sasaki, Takafumi"
2023,525,36:25:01 h,"Fossard, Mathieu"
2023,526,36:26:56 h,"Pattacini, Simone"
2023,527,36:28:13 h,"Novak, John"
2023,528,36:28:27 h,"Millones, Marc-Antoine"
2023,529,36:29:06 h,"Leger, Helene"
2023,530,36:29:09 h,"Andrault, Jean-Christophe"
2023,531,36:29:48 h,"Shaw, Erin"
2023,532,36:30:21 h,"Fields, Yatika Starr"
2023,533,36:30:34 h,"Dubois, David"
2023,534,36:30:48 h,"Stieler, Kent"
2023,535,36:32:18 h,"Taylor, James"
2023,536,36:32:39 h,"Cachon, Guillaume"
2023,537,36:32:54 h,"Espino Prieto, Miguel Angel"
2023,538,36:33:02 h,"Brenet, Adrien"
2023,539,36:37:44 h,"Viard-Gaudin, Timothee"
2023,540,36:38:17 h,"Mottier, Julien"
2023,541,36:40:34 h,"Balestriere, Pierrick"
2023,542,36:44:11 h,"Chardonnet, Laurent"
2023,543,36:44:36 h,"Lesueur, Tanguy"
2023,544,36:44:44 h,"Arafune, Yoshitaka"
2023,545,36:45:02 h,"Muniz Gonzalez Manjoya, Diego"
2023,546,36:45:03 h,"Lozano Serrano, Sergio"
2023,547,36:45:12 h,"Maino, Mattia"
2023,548,36:46:39 h,"Villeneau, Julien"
2023,549,36:47:11 h,"Kazlauskas, Marius"
2023,550,36:48:13 h,"Benvenuto, Michele"
2023,551,36:48:42 h,"de La Bourdonnaye, Eloi"
2023,552,36:49:10 h,"Le Devehat, Arnaud"
2023,553,36:49:36 h,"Helfer, Arthur"
2023,554,36:49:39 h,"Borad, Jorge"
2023,555,36:51:00 h,"Sembo, Tsubasa"
2023,556,36:51:40 h,"Crettex, Rene"
2023,557,36:52:14 h,"Utzmann, Robin"
2023,558,36:54:14 h,"Nishioka, Kenichi"
2023,559,36:54:27 h,"Neves, Nelson"
2023,560,36:54:33 h,"Loeuillieux, Pierre"
2023,561,36:55:24 h,"Murphy, Chris"
2023,562,36:55:30 h,"Jouin, Kevin"
2023,563,36:55:43 h,"Combart, Bruno"
2023,564,37:00:46 h,"Vargas Diaz, Hernan"
2023,565,37:01:18 h,"Oswald, Manfred"
2023,566,37:01:44 h,"Palouzie Ibanez, Jordi"
2023,567,37:01:59 h,"Bonetto, Paolo"
2023,568,37:02:25 h,"Orsag, Matej"
2023,569,37:04:00 h,"Chauvin, Jerome"
2023,570,37:05:48 h,"Brüschweiler, Roman"
2023,571,37:05:49 h,"Nour, Noomane"
2023,572,37:05:57 h,"Riera Sune, Josep"
2023,573,37:06:25 h,"Lamprecht, Amy"
2023,574,37:08:58 h,"Ching, Wing-Yee (Flora)"
2023,575,37:09:36 h,"Dupire, Irwin"
2023,576,37:10:25 h,"Myrskylä, Eetu"
2023,577,37:11:43 h,"Jurado, Damien"
2023,578,37:11:47 h,"Grillo, Angelo"
2023,579,37:14:56 h,"Hyslop, Stuart"
2023,580,37:15:04 h,"Norendahl, Tony"
2023,581,37:16:32 h,"Francois, Benjamin"
2023,582,37:16:35 h,"Gobert, Yann"
2023,583,37:16:49 h,"Hinds, Gareth"
2023,584,37:16:53 h,"Canto Valor, Raul"
2023,585,37:17:06 h,"Charita, Yvan"
2023,586,37:17:12 h,"Sanchez Carmona, Alberto"
2023,587,37:17:20 h,"Lau, Hok-Yee (Leo)"
2023,588,37:18:43 h,"Colomban, Thierry"
2023,589,37:20:05 h,"Yjord, Niklas"
2023,590,37:20:40 h,"Martin Lopez, Manuel"
2023,591,37:20:50 h,"Canegallo, Claudio"
2023,592,37:20:58 h,"Mayo Lopez, David"
2023,593,37:21:02 h,"Aguilera Dominguez, Jose"
2023,594,37:21:47 h,"Gauthier, Laure"
2023,595,37:22:26 h,"Andre, Jacky"
2023,596,37:22:27 h,"Glaze, Andrew"
2023,597,37:23:37 h,"Dailleau, Yannick"
2023,598,37:24:54 h,"Fabien, Alice"
2023,599,37:25:50 h,"Cochetel, Raphael"
2023,600,37:26:47 h,"Osorio, Paulo"
2023,601,37:26:57 h,"Janowski, Mariusz"
2023,602,37:28:54 h,"Schuster, Martin"
2023,603,37:29:06 h,"Lesavre, Antoine"
2023,604,37:29:09 h,"Thierry, Michel"
2023,605,37:30:01 h,"Isabelle, Teddy"
2023,606,37:30:02 h,"Isabelle, Anthony"
2023,607,37:30:33 h,"Loridat, Gaelle"
2023,608,37:32:18 h,"Inshaw, Robert"
2023,609,37:32:57 h,"del Canizo Nadal, Miguel"
2023,609,37:32:57 h,"Jeon, Se-Hwan"
2023,609,37:32:57 h,"Torrez Zenteno, Cosme"
2023,612,37:33:31 h,"Cagnion, Thibault"
2023,613,37:37:30 h,"Yamasaki, Kiichiro"
2023,614,37:38:01 h,"Campo-Cossio Luhaces, Carlos"
2023,615,37:38:03 h,"Vidales Lombo, Miguel Angel"
2023,616,37:38:16 h,"Rigoni, Mirko"
2023,617,37:38:43 h,"Meurant, Baptiste"
2023,618,37:39:51 h,"Pastorkovich, Alex"
2023,619,37:41:32 h,"Mocko, Jacek"
2023,620,37:42:14 h,"Mamada, Mitsukazu"
2023,621,37:43:30 h,"Hideux, Maxime"
2023,622,37:43:43 h,"Fallon, Victor"
2023,623,37:43:45 h,"Silva Ferreira, Goncalo Manuel"
2023,624,37:43:56 h,"Fleury, Gaetan"
2023,625,37:44:23 h,"Zecevic, Stefan"
2023,626,37:45:31 h,"Ramos dos Santos Lourenco, Carlos Eduardo"
2023,627,37:46:09 h,"Villette, Pierre-Louis"
2023,628,37:48:26 h,"Thiou-Roy, Angelique"
2023,629,37:49:16 h,"Corset, Franck"
2023,630,37:49:31 h,"Podbielski, Krystian"
2023,631,37:49:47 h,"Garcia Jubera, Victor"
2023,632,37:54:03 h,"Turon Triola, Enric"
2023,633,37:54:05 h,"Gonzalez Saenz, Jacinto"
2023,634,37:54:37 h,"Cianelli, Jean-Jacques"
2023,635,37:54:54 h,"Bertrand, Pierre"
2023,636,37:55:42 h,"Puertas Arrizabalaga, Ander"
2023,637,37:57:34 h,"Rota, Giovanni"
2023,638,37:58:29 h,"Morichelli, Enrico"
2023,639,37:58:30 h,"Bennett, James"
2023,640,37:58:33 h,"Westwood, Nigel"
2023,641,37:59:07 h,"Herrera, Marcos Alejandro"
2023,642,38:00:21 h,"Faucheux, Brice"
2023,643,38:01:00 h,"Guisso, Tartarotti Fabricio Tiago"
2023,644,38:02:34 h,"Conilh, Martin"
2023,645,38:02:36 h,"Krahenbuhl, Samuel"
2023,646,38:05:08 h,"Hawkins, Jonathan"
2023,647,38:05:38 h,"Singhakrittaya, Saranyabhong"
2023,648,38:06:11 h,"Yamamoto, Kazutomo"
2023,649,38:06:15 h,"Fertillet, Romain"
2023,650,38:06:31 h,"Novo Iglesias, Bernabe"
2023,651,38:07:41 h,"Alberola, Francois"
2023,652,38:10:45 h,"Jennings, Meaghan"
2023,653,38:11:17 h,"Lemus Reyes, Omar"
2023,654,38:11:32 h,"Mottier, Valentin"
2023,655,38:11:58 h,"Petit, Sebastien"
2023,656,38:12:02 h,"Messager, Fabien"
2023,657,38:12:40 h,"Iorga, Marius Mihai"
2023,658,38:12:44 h,"Hercules Acosta, Geronimo Antonio"
2023,659,38:13:19 h,"Martin Losada, Javier"
2023,660,38:13:30 h,"Dubol, Cedric"
2023,661,38:13:50 h,"Guinement, Damien"
2023,662,38:14:39 h,"Mayr, Elijah"
2023,663,38:15:04 h,"Thepsri, Theerapol"
2023,664,38:15:12 h,"Debray, Alexandre"
2023,665,38:15:15 h,"Hoang, Huu-Thang"
2023,666,38:16:54 h,"Gonneau, Geoffrey"
2023,667,38:16:55 h,"Roattino, Daniele"
2023,668,38:16:58 h,"Veron, Luc"
2023,669,38:17:22 h,"Teran, Guillermo"
2023,670,38:18:17 h,"Abitbol, Baptiste"
2023,671,38:19:20 h,"Kingston, Patrick"
2023,672,38:19:52 h,"Perez Bisbal, Ricard"
2023,673,38:22:08 h,"Lee, Norman"
2023,674,38:23:28 h,"Birot, Mathieu"
2023,675,38:23:33 h,"Chojnicki, Bartosz"
2023,676,38:25:43 h,"Miletto, Elodie"
2023,676,38:25:43 h,"Vuillaume, Robin"
2023,678,38:25:47 h,"Bozzo Colomer, Xavier"
2023,679,38:26:04 h,"Chotemateepirom, Benjamas"
2023,680,38:26:39 h,"Hjukse, Gro Siljan"
2023,681,38:26:40 h,"Andersen, Fred"
2023,681,38:26:40 h,"Augustson, Ketil"
2023,683,38:28:47 h,"Martin Alonso, Ivan"
2023,684,38:29:16 h,"Forns Temporal, Marc"
2023,685,38:30:10 h,"Chalmandrier, Julien"
2023,686,38:30:15 h,"Tella, Alexandre"
2023,687,38:31:09 h,"Kristoffersen, Frida Strand"
2023,688,38:31:37 h,"Skrobala, Dariusz"
2023,689,38:32:40 h,"Stantiall, Neil"
2023,690,38:33:14 h,"Floris, Francesco"
2023,691,38:33:16 h,"Lacey, Megan"
2023,692,38:33:51 h,"Bibiloni Mulet, Ramon"
2023,693,38:34:58 h,"Raymond, Nicolas"
2023,694,38:35:13 h,"Ronxin, Francois"
2023,695,38:35:40 h,"Logan, Todd"
2023,696,38:37:22 h,"Menchero Sanchez, Pedro Pablo"
2023,697,38:37:55 h,"Daumalin, Renan"
2023,698,38:38:46 h,"van Acker, Emmanuel"
2023,699,38:39:31 h,"Despreaux, Jeremy"
2023,700,38:40:58 h,"Steinkellner, Thomas"
2023,701,38:41:36 h,"Eadsforth, Holly"
2023,702,38:41:46 h,"Navarrete Caceres, Daniela"
2023,703,38:44:01 h,"Ye, Xiao-Ming"
2023,704,38:44:09 h,"Achard, Jean-Luc"
2023,705,38:44:10 h,"Owens, Nathan"
2023,705,38:44:10 h,"Vicente Blanco, Jesus"
2023,707,38:44:14 h,"Burdakov, Denis"
2023,708,38:44:18 h,"Uyttebroeck, Frederic"
2023,709,38:44:25 h,"Ccorahua Huallpa, Martha"
2023,710,38:45:11 h,"Didier, David"
2023,711,38:45:14 h,"Hjelmer, Magnus"
2023,712,38:46:43 h,"Cuchere, Antoine"
2023,713,38:47:12 h,"Mauclet, Victor"
2023,714,38:47:15 h,"Pichard, Julien"
2023,715,38:47:39 h,"Lau, Kam-Fai"
2023,716,38:47:45 h,"Grasset, Romain"
2023,717,38:47:59 h,"Vazquez Cebrian, David"
2023,718,38:48:27 h,"Allegret-Bourdon, Franck"
2023,719,38:48:42 h,"Delalonde, Julien"
2023,720,38:48:50 h,"Batista, Joao"
2023,721,38:48:55 h,"Linney, Peter"
2023,722,38:49:31 h,"Rising, Lisa"
2023,723,38:50:17 h,"Ploskonka, Jakub"
2023,724,38:51:14 h,"Webb, William"
2023,725,38:52:03 h,"Alcaide Rivas, Fali"
2023,726,38:52:38 h,"Delbecq, Jean-Francois"
2023,727,38:52:40 h,"Delbecq, Guillaume"
2023,728,38:53:01 h,"Andersson, Sebastian"
2023,729,38:53:31 h,"Michoud, Florian"
2023,730,38:53:56 h,"Guillemin, Ludovic"
2023,731,38:54:38 h,"Smith, Sean"
2023,732,38:55:44 h,"Cuesta Martinez, Humberto"
2023,733,38:56:27 h,"Bruneß, Christian"
2023,734,38:58:26 h,"Komatsu, Hiroto"
2023,735,38:58:36 h,"Kurek, Christian"
2023,736,38:58:43 h,"Gimenez, Laurent"
2023,737,38:58:44 h,"Rubay, Raphael"
2023,738,38:58:49 h,"Vasile, Marian"
2023,739,38:59:13 h,"Castello Noria, Francesc"
2023,740,38:59:39 h,"Larsen, Stefan"
2023,741,38:59:40 h,"Hasse-Petersen, Anders"
2023,742,39:00:53 h,"Adam, Eric"
2023,743,39:01:01 h,"Johnson, Paul"
2023,744,39:01:32 h,"Alli, Ahmad"
2023,745,39:01:49 h,"Coelho, Pedro"
2023,746,39:02:10 h,"Mountjoy, Fleur"
2023,747,39:02:37 h,"Illa Berenguer, Jordi"
2023,748,39:03:35 h,"Diaz Rodriguez, Gladys Veronica"
2023,749,39:04:15 h,"Dupinay, Mickael"
2023,750,39:04:51 h,"Santiago Navarro, Jose Luis"
2023,751,39:04:52 h,"Briand, Matthieu"
2023,752,39:05:24 h,"Briere, Pierre"
2023,753,39:06:02 h,"Delhomme, Olivier"
2023,754,39:07:59 h,"Harte, Julien"
2023,755,39:08:12 h,"Velilla Abad, Gloria"
2023,756,39:08:13 h,"Velasco Barros, Consuelo"
2023,757,39:08:23 h,"Schulof, Daniel"
2023,758,39:08:50 h,"Frosio, Mauro"
2023,759,39:09:25 h,"Hansez, Benoit"
2023,760,39:10:44 h,"Christophersen, Benjamin"
2023,761,39:11:04 h,"Mayo Justel, Jose Antonio"
2023,761,39:11:04 h,"Gomez Perez, Jose Luis"
2023,761,39:11:04 h,"Olalde Verano, Jose Ignacio"
2023,764,39:11:42 h,"Malherbe, Kane"
2023,765,39:12:24 h,"Boddaert, Benoit"
2023,766,39:12:34 h,"Del Rio Chueca, Daniel"
2023,767,39:12:39 h,"Dundon, Stephen Brian"
2023,768,39:14:54 h,"Zheng, Jun-Yue"
2023,769,39:17:43 h,"Lilliehöök, Daniel"
2023,770,39:18:10 h,"Cheung, Ka-Wai (Allen)"
2023,771,39:18:14 h,"Knights, Charlie"
2023,772,39:19:01 h,"Takahashi, Koji"
2023,773,39:19:18 h,"Beroiz, Inaki"
2023,774,39:19:31 h,"Seike, Shintaro"
2023,774,39:19:31 h,"Jaffeux, Robin"
2023,776,39:19:46 h,"Buenafuente Sans, Joan"
2023,776,39:19:46 h,"Parra Navas, Xavier"
2023,778,39:21:05 h,"Drevet, Pierre-Yves"
2023,779,39:21:16 h,"Vilar Mijon, Miguel"
2023,780,39:21:50 h,"Johnston, Calum"
2023,781,39:25:14 h,"Lallement, Johann"
2023,782,39:25:28 h,"Hjersman, Calle"
2023,783,39:25:48 h,"Perez Mayo, Joseba"
2023,784,39:26:02 h,"Pouvreau, Mathieu"
2023,785,39:26:07 h,"Lenherr-Fend, Rene"
2023,786,39:26:21 h,"Galloway, David"
2023,787,39:26:37 h,"Ninet, Capucine"
2023,788,39:27:29 h,"Ono, Taichi"
2023,789,39:27:32 h,"Kjellberg, Marcus"
2023,790,39:27:43 h,"Valdes Cerdan, Borja"
2023,791,39:28:50 h,"Zhou, Qiang"
2023,792,39:28:51 h,"Friedt, Tim"
2023,793,39:28:53 h,"Wilbert, Florian"
2023,794,39:29:09 h,"Roldan Garcia, Jose Javier"
2023,795,39:29:32 h,"Pons, Julien"
2023,796,39:30:16 h,"Echeveste, Peyo"
2023,797,39:30:23 h,"Steinmeister, Martin"
2023,798,39:31:51 h,"Desbois, Frederic"
2023,799,39:31:59 h,"Kujas, Robert"
2023,800,39:32:00 h,"Winter, Martin"
2023,801,39:32:03 h,"Kent, Justin"
2023,802,39:32:32 h,"Truax, Diarmuid"
2023,803,39:32:43 h,"Pura, Hannu"
2023,804,39:33:14 h,"Collu, Claudio Carrasco"
2023,805,39:33:29 h,"Schluter, Pascal"
2023,806,39:34:19 h,"Rauen, Tom"
2023,807,39:36:03 h,"Rossi, Fabio"
2023,808,39:39:29 h,"Clement, Olivier"
2023,809,39:39:42 h,"Prats Vidal, Cristina"
2023,810,39:39:43 h,"Garcia Gonzalez, Javier"
2023,811,39:40:01 h,"Moya Tercero, Mariano"
2023,812,39:40:33 h,"Tanada, Takayuki"
2023,813,39:40:45 h,"Boosey, Neil"
2023,814,39:41:25 h,"Ha, Chun-Man"
2023,815,39:42:27 h,"Mialet, Calvin"
2023,816,39:42:28 h,"Di Costanzo, Mickael"
2023,817,39:42:30 h,"Butcovan, Sebastian"
2023,818,39:42:33 h,"Gabutti, Diego"
2023,819,39:43:41 h,"Defosse, Franck"
2023,820,39:43:44 h,"Durieux, Thomas"
2023,821,39:44:19 h,"Piccioni, Giuseppe"
2023,822,39:44:38 h,"Araya, Takuya"
2023,823,39:45:09 h,"Aroca Sanchez, Gines"
2023,824,39:45:21 h,"Rörig, Hans-Martin"
2023,825,39:45:38 h,"Tucker, Alexander"
2023,826,39:45:42 h,"Teijeiro Lopez, Pablo"
2023,827,39:46:01 h,"Menini, Oscar"
2023,828,39:46:47 h,"Villiger, Markus"
2023,829,39:47:46 h,"Cabo Gil, Juan Antonio"
2023,830,39:48:16 h,"Gao, Ting"
2023,831,39:48:39 h,"Tchissambou, Richard"
2023,832,39:49:17 h,"Mohamed, Salim"
2023,833,39:49:20 h,"Dehalu, Boris"
2023,834,39:49:35 h,"Montero Ribera, Abel"
2023,835,39:51:59 h,"Yoshikawa, Kenichi"
2023,836,39:52:01 h,"Tahani, Nasser"
2023,837,39:52:10 h,"Baiger, Peter"
2023,838,39:52:31 h,"Pavanello, Manuel"
2023,839,39:53:42 h,"Dejob, Jean-Luc"
2023,840,39:55:33 h,"Roux, Nicolas"
2023,841,39:55:51 h,"Smith, Wesley"
2023,842,39:56:52 h,"Dugast, Robin"
2023,843,39:57:47 h,"Miller, Alison"
2023,844,39:58:48 h,"Malo, Jean-Yves"
2023,845,39:59:26 h,"Gioia, Gaston Maximiliano"
2023,846,40:00:38 h,"Virlan, Gheorghe"
2023,847,40:01:14 h,"Grouillard Stefenel, Antoine"
2023,848,40:01:15 h,"Kwok, Kam-Chuen"
2023,849,40:01:16 h,"Andre, Robert"
2023,850,40:01:28 h,"Morgan, Ian Richard"
2023,851,40:01:58 h,"Frühauf, Urs"
2023,852,40:02:03 h,"Cano Carrillo, Juan David"
2023,853,40:02:04 h,"Castanie, Jerome"
2023,854,40:02:39 h,"Mewhort, Brandon"
2023,855,40:03:35 h,"Holdener, Daniela"
2023,856,40:04:17 h,"Vargas, Rafael"
2023,857,40:04:45 h,"Socol, Eduard"
2023,858,40:06:24 h,"Korotaj, Ronald"
2023,859,40:07:17 h,"Meier, Bruno Ricardo"
2023,860,40:08:17 h,"Nasirov, Berko Narynbek"
2023,861,40:08:52 h,"Viveiros, Valter"
2023,862,40:09:05 h,"Chung, John"
2023,863,40:09:13 h,"Yanagi, Yuichi"
2023,864,40:10:33 h,"Albizu Lopetegui, Josetxo"
2023,865,40:11:26 h,"Xia, Lin"
2023,866,40:11:44 h,"Wengler, Marc"
2023,867,40:11:52 h,"Mourin, Theophile"
2023,868,40:14:13 h,"Perez Torres, Emilio Jose"
2023,869,40:14:29 h,"Gil, Luciano"
2023,870,40:14:45 h,"Silva, Helder"
2023,871,40:14:46 h,"Savary, Myriam"
2023,872,40:14:55 h,"Larochette de Roeck, Francois Jean"
2023,873,40:14:59 h,"Vilain, Sebastien"
2023,874,40:15:05 h,"Muller, Pascal"
2023,875,40:15:19 h,"Alberdi Lopez, Koldo"
2023,876,40:16:42 h,"Zilio, Jeremy"
2023,877,40:17:11 h,"Henry, Julien"
2023,878,40:17:37 h,"Cacco, Denis"
2023,879,40:18:33 h,"Kvapil, Tomas"
2023,880,40:18:38 h,"Andres Muntadas, Abel"
2023,881,40:18:52 h,"Garcia Florez, Jesus"
2023,882,40:20:00 h,"Gailleton, Arnaud"
2023,883,40:20:01 h,"Burel, Damien"
2023,884,40:20:17 h,"Lasnier, Nicolas"
2023,885,40:20:21 h,"Deflandre, Damien"
2023,886,40:21:00 h,"Ramos Mendoza, Alberto"
2023,887,40:21:34 h,"Guerquin, Benjamin"
2023,888,40:22:12 h,"Krutkrongchai, Knattapisit"
2023,889,40:22:25 h,"Hoebeeck, Magali"
2023,890,40:24:04 h,"Black, Alastair"
2023,891,40:25:28 h,"Sage Lavado, Angel"
2023,892,40:25:47 h,"Noguchi, Makoto"
2023,893,40:26:06 h,"Leuenberger, Marco"
2023,894,40:26:20 h,"Pinter, Balazs"
2023,895,40:27:56 h,"Kosieradzki, Lukasz"
2023,896,40:28:08 h,"Derivaz, James"
2023,897,40:28:36 h,"Ganjour, Serguei"
2023,898,40:28:43 h,"Fessy, Pierre-Alain"
2023,899,40:29:09 h,"Phillips, Bradley"
2023,900,40:29:10 h,"Lovett, Andrew"
2023,901,40:29:38 h,"Yusoff, Khairul Azmi"
2023,902,40:29:50 h,"Balanger, Clement"
2023,903,40:29:52 h,"Ribeiro, Dominique"
2023,904,40:31:26 h,"Lendick, Mathieu"
2023,905,40:32:44 h,"Pacini, Piero"
2023,906,40:33:32 h,"Upmace-Grivina, Ieva"
2023,907,40:33:56 h,"Malchow, Shard"
2023,908,40:34:25 h,"Andersson, Anna"
2023,909,40:35:00 h,"Napoli, Antoine"
2023,910,40:35:26 h,"Irizar, Guillermo"
2023,911,40:35:43 h,"Ingram, Joel"
2023,912,40:36:02 h,"Lai, Chi-Shing (Sunny)"
2023,913,40:36:21 h,"Siswanto, Hendra"
2023,914,40:36:27 h,"Reghem, Thibault"
2023,914,40:36:27 h,"Denifl, Otto"
2023,914,40:36:27 h,"Antovic, Vladimir"
2023,917,40:36:49 h,"Klatt, Denise"
2023,918,40:37:14 h,"Renaud, Nicolas"
2023,919,40:38:09 h,"Krajc, Marcel"
2023,920,40:39:39 h,"Lim, Adrian"
2023,921,40:41:11 h,"Slukan, Ivan"
2023,922,40:41:21 h,"Takuma, Hideo"
2023,923,40:43:58 h,"Franks, Patrick"
2023,924,40:44:50 h,"Hammarlund, Glenn"
2023,925,40:44:59 h,"Davin, Mark"
2023,926,40:45:13 h,"Augade, Romain"
2023,927,40:46:18 h,"Sogaard Hanusova, Anna"
2023,928,40:46:51 h,"Thomazo, Olivier"
2023,929,40:46:52 h,"Brooks, Chloe"
2023,930,40:46:56 h,"Moutault, Mathieu"
2023,931,40:47:11 h,"Bösel, Birger"
2023,932,40:47:12 h,"Wolfer, Roberto"
2023,933,40:47:21 h,"Cowdry, Tremayne"
2023,933,40:47:21 h,"Billon, Xavier"
2023,935,40:48:22 h,"Usunier, Thierry"
2023,936,40:48:35 h,"Scherzinger, Sylvie"
2023,937,40:48:36 h,"Pasztor, Jan"
2023,938,40:48:37 h,"Serena, Enrico"
2023,939,40:50:21 h,"Hale, Kate"
2023,940,40:50:23 h,"Flimel, Igor"
2023,941,40:50:24 h,"de Groot, Dorus"
2023,942,40:50:42 h,"Grosmaitre, Jean-Philippe"
2023,943,40:50:54 h,"Menegon, Manuel"
2023,944,40:51:01 h,"de Bouck, Wannes"
2023,945,40:51:30 h,"Rosso, Alberto"
2023,945,40:51:30 h,"Sergent, Guillaume"
2023,947,40:52:07 h,"Ridira, Sylvin"
2023,948,40:52:14 h,"Cerar, Dusan"
2023,949,40:53:47 h,"Pollien, Tom"
2023,950,40:54:34 h,"Mauchand, Jerome"
2023,951,40:54:41 h,"Malfroy, Louis"
2023,952,40:55:00 h,"Corti, Caterina"
2023,953,40:55:23 h,"Leiva Roldan, David"
2023,954,40:55:24 h,"Higlsperger, Manfred"
2023,955,40:56:44 h,"Gorissen, Karen"
2023,956,40:58:05 h,"Cuesta Navarrete, Jonathan"
2023,957,40:59:01 h,"Pollien, Christian"
2023,958,40:59:02 h,"Deruaz, Emmanuel"
2023,959,41:00:23 h,"Powell, David"
2023,960,41:00:44 h,"Resendiz, Luis"
2023,961,41:01:52 h,"Dupuis, Xavier"
2023,962,41:02:45 h,"Kristiansen, Michael Seiger"
2023,963,41:02:47 h,"Degreve, Benjamin"
2023,964,41:03:30 h,"Clark, Richard"
2023,965,41:04:37 h,"Bosc, Michael"
2023,966,41:05:31 h,"Moreno Gomez, Javier"
2023,967,41:07:17 h,"Vigier, Jerome"
2023,968,41:07:35 h,"Zilahy, Andras"
2023,969,41:08:00 h,"Flecher, Stephane"
2023,970,41:08:09 h,"Floridia, Fabrizio"
2023,971,41:09:08 h,"Staprans, Aleksandr"
2023,972,41:09:40 h,"Michaud, Olivier"
2023,973,41:09:41 h,"Hyttedalen, Hanne Nicole Briedis"
2023,974,41:09:42 h,"Walrave, Timothee"
2023,974,41:09:42 h,"Hyttedalen, Håkon Andreas"
2023,976,41:09:53 h,"Bocquet, Marie"
2023,977,41:09:57 h,"Inoue, Takeo"
2023,978,41:10:45 h,"Fontana Giusti, Giovanni"
2023,979,41:11:08 h,"Winter, Sara"
2023,980,41:11:33 h,"Petrikovic, Roman"
2023,981,41:12:25 h,"Evangelisti, Michele"
2023,982,41:12:59 h,"Drouin, Veronique"
2023,983,41:13:28 h,"Cussac, Thierry"
2023,984,41:13:57 h,"Scieghi, Matteo"
2023,985,41:14:29 h,"Guilleminet, Romain"
2023,986,41:14:30 h,"Le Borgne, Antoine"
2023,987,41:14:36 h,"Adzmi, Akmal"
2023,988,41:14:53 h,"Chemineau, Nicolas"
2023,989,41:15:07 h,"Ruisi, Giada Graziella"
2023,990,41:15:25 h,"Vidili, Isabella"
2023,991,41:15:26 h,"Prompicai, Paolo Emanuele"
2023,992,41:16:09 h,"Laurent, Matthieu"
2023,993,41:16:16 h,"Paricio Martinez, Jose Luis"
2023,994,41:16:28 h,"Hemmer, Benjamin"
2023,995,41:16:35 h,"Leufen, Thomas"
2023,996,41:16:39 h,"Colson, David"
2023,997,41:18:53 h,"Moyle, Darren"
2023,998,41:19:23 h,"Takahashi, Tatsuhisa"
2023,999,41:19:47 h,"Olmedo Charro, Roberto Carlos"
2023,1000,41:19:55 h,"Bosgiraud, Xavier"
2023,1001,41:20:06 h,"Chan, Kin-Ming (Simon)"
2023,1002,41:21:31 h,"Donkin, Alice"
2023,1003,41:21:33 h,"Mocatta, Simon"
2023,1004,41:21:34 h,"Lozzi, Michael"
2023,1005,41:21:36 h,"de Butler, Tristan"
2023,1006,41:21:42 h,"Tanaka, Yuki"
2023,1007,41:23:44 h,"Patek, Andreas"
2023,1008,41:23:57 h,"Lascoux, Nicolas"
2023,1009,41:24:15 h,"Begin, Steve"
2023,1010,41:24:16 h,"Tardif, Jonathan"
2023,1011,41:26:52 h,"Rouillon, David"
2023,1012,41:26:56 h,"Monegier du Sorbier, Clement"
2023,1013,41:27:08 h,"Schlosser, Frank"
2023,1014,41:27:44 h,"Kameda, Atsushi"
2023,1015,41:28:13 h,"Barras, Jean"
2023,1016,41:28:46 h,"Suto, Masashi"
2023,1017,41:29:06 h,"Afshar, Daniel"
2023,1018,41:30:16 h,"Antonietti, Guillaume"
2023,1019,41:32:38 h,"Maurice, Jean-Raoul"
2023,1020,41:34:00 h,"Tashiro, Hiroyuki"
2023,1021,41:34:13 h,"Banaszynski, Damian"
2023,1022,41:34:20 h,"Mutti, Matteo"
2023,1023,41:34:47 h,"Hutchins, James"
2023,1024,41:35:01 h,"Parenti, Mathieu"
2023,1025,41:35:23 h,"Kondo, Dai"
2023,1026,41:36:06 h,"Aslanian, Ara"
2023,1027,41:37:08 h,"Rydberg, Claes"
2023,1028,41:37:14 h,"Kroug, Stephane"
2023,1029,41:38:18 h,"Samain, Olivier"
2023,1030,41:38:36 h,"Dimbean, Ovidiu"
2023,1031,41:38:46 h,"Dempsey, Sean"
2023,1032,41:39:19 h,"Steinmetz, Joe"
2023,1033,41:39:24 h,"Paton, Alexander"
2023,1034,41:39:34 h,"Morrison, Callum"
2023,1035,41:39:38 h,"Kim, Bong-Jahe"
2023,1036,41:40:55 h,"Frin, Jimmy"
2023,1037,41:41:27 h,"Troux, Camille"
2023,1038,41:41:59 h,"Brun, Philippe"
2023,1039,41:43:04 h,"Nykänen, Nooa"
2023,1040,41:43:26 h,"Wada, Michiyuki"
2023,1041,41:44:48 h,"Erbslöh, Torsten"
2023,1042,41:46:45 h,"Guerin, Xavier"
2023,1043,41:47:24 h,"Catoire, Andrew"
2023,1044,41:47:32 h,"Ferlay, Julien"
2023,1045,41:49:14 h,"Resseguier, Jerome"
2023,1046,41:50:02 h,"Faure, Arnaud"
2023,1047,41:50:04 h,"Lamotte, Laure"
2023,1047,41:50:04 h,"Vavasseur, Laurent"
2023,1049,41:50:07 h,"Balding, Rachel"
2023,1050,41:50:12 h,"Harrison, Oliver"
2023,1051,41:51:35 h,"Uchida, Hideyuki"
2023,1052,41:52:24 h,"Itoga, Takuya"
2023,1053,41:52:51 h,"Selle, Thierry"
2023,1054,41:53:14 h,"Herdt, Ilja"
2023,1055,41:53:33 h,"Olechnowicz, Robert"
2023,1056,41:53:58 h,"Paone, Raffaele"
2023,1057,41:54:10 h,"de Muyser, Bertrand"
2023,1058,41:54:40 h,"Young, Matthew"
2023,1059,41:55:47 h,"Cubillo Campos, Cristian"
2023,1060,41:55:51 h,"Santa Maria, Jean-Yves"
2023,1061,41:56:51 h,"Duquesne, Yoann"
2023,1062,41:57:21 h,"Vardelle, Sebastien"
2023,1063,41:57:34 h,"Scobie, Stephen"
2023,1064,41:58:19 h,"Pasquier, Alain"
2023,1065,41:58:21 h,"Koike, Hiroaki"
2023,1066,41:58:41 h,"Corthay, Julien"
2023,1067,41:58:54 h,"Santillan, Don Antonio Marcelo"
2023,1068,41:59:08 h,"Montiege, Yann"
2023,1069,41:59:30 h,"Hessels, Mark"
2023,1070,42:00:12 h,"Atkinson, Chris"
2023,1071,42:01:19 h,"Goupil, Frederic"
2023,1072,42:01:30 h,"Watson, Alastair"
2023,1073,42:01:55 h,"Taylor, Mark"
2023,1074,42:02:35 h,"Sugiura, Keiichi"
2023,1075,42:02:57 h,"Huber, Armin"
2023,1076,42:03:00 h,"Eklöf, Jonas"
2023,1077,42:03:08 h,"Harada, Yukihiro"
2023,1078,42:03:11 h,"Kurokawa, Hiroaki"
2023,1079,42:03:44 h,"Martinez, Philippe"
2023,1080,42:04:40 h,"Brugiere, Franck"
2023,1081,42:04:55 h,"Kuk, Yu-Keung"
2023,1082,42:05:46 h,"Matibini, Matibini"
2023,1083,42:05:52 h,"Gant, Tom"
2023,1084,42:05:58 h,"Marshall, Daniel"
2023,1085,42:06:30 h,"Ng, Lem-Chee (Nancy)"
2023,1085,42:06:30 h,"Yap, Zi-Yu (Renton)"
2023,1087,42:09:16 h,"Wadoux, Cedric"
2023,1088,42:10:44 h,"Michaud, Manon"
2023,1089,42:10:45 h,"Michaud, Corinne"
2023,1089,42:10:45 h,"Dowell, Andrew"
2023,1091,42:10:51 h,"Cournol, Stephane"
2023,1092,42:11:17 h,"Chin, Wei-Chong"
2023,1093,42:12:17 h,"Castillo, Aurelie"
2023,1094,42:13:34 h,"Lhommedet, David"
2023,1095,42:13:44 h,"Xu, Xiao-Hong"
2023,1096,42:14:07 h,"Quaia, Pier Vito"
2023,1097,42:14:32 h,"Charlot, Pierre"
2023,1098,42:14:39 h,"Jensen, Michael Skovgaard"
2023,1099,42:15:33 h,"Dessay, Antoine"
2023,1100,42:15:51 h,"Treglown, Alex"
2023,1101,42:15:56 h,"Lee, Beng-Siong (Ben)"
2023,1102,42:15:59 h,"Lengelle, Nicolas"
2023,1103,42:17:19 h,"Morcet, Julien"
2023,1104,42:17:28 h,"Loop, Louise"
2023,1105,42:17:32 h,"Higgins, Timothy"
2023,1106,42:17:57 h,"Brussolo, Simone"
2023,1107,42:18:33 h,"Müller, Marcus"
2023,1108,42:18:58 h,"Dedes, Yorgos"
2023,1109,42:19:02 h,"Jugan, David"
2023,1110,42:20:03 h,"Paris, Thierry"
2023,1111,42:20:08 h,"Akira, Shinya"
2023,1112,42:20:17 h,"Day, Steve"
2023,1113,42:21:51 h,"Miani, Matilde"
2023,1114,42:23:16 h,"Song, Qi"
2023,1115,42:23:21 h,"Matagne, Christophe"
2023,1116,42:26:37 h,"Benvie, Ben"
2023,1117,42:27:04 h,"Pöschko, Johannes"
2023,1118,42:28:00 h,"Leroyer, Romain"
2023,1119,42:28:07 h,"Bradley, Josh"
2023,1120,42:28:11 h,"Veermeer, Julian"
2023,1121,42:29:37 h,"Berger, Laurent"
2023,1122,42:30:00 h,"Wang, Bin"
2023,1123,42:30:35 h,"Gaubert, Julien"
2023,1124,42:31:17 h,"Salles, Frank"
2023,1125,42:31:36 h,"Lundgren, Oskar"
2023,1126,42:31:49 h,"Caille, Nicolas"
2023,1127,42:32:16 h,"Achermann, Thomas"
2023,1128,42:32:51 h,"Lukes, Peter"
2023,1129,42:33:12 h,"Lim, Siok-Har"
2023,1130,42:33:41 h,"Birkholz, Shad"
2023,1131,42:34:08 h,"Olvaszto, Daniel"
2023,1132,42:34:42 h,"Christoph, Stefan"
2023,1133,42:34:45 h,"Yoo, Songho"
2023,1134,42:35:22 h,"Andre, Loic"
2023,1135,42:35:54 h,"Bourgeois Republique, Bruno"
2023,1136,42:36:18 h,"Kerouanton, Loic"
2023,1137,42:36:34 h,"Nacher Castellet, Victor"
2023,1138,42:36:38 h,"Cabo Paton, Franc"
2023,1139,42:38:33 h,"Amar Delapierre, Jocelyne"
2023,1140,42:39:29 h,"Mishev, Emil"
2023,1141,42:40:20 h,"Lee, Vivian"
2023,1142,42:40:25 h,"Peacock, Malcolm"
2023,1143,42:40:28 h,"Dossena, Paolo"
2023,1144,42:41:45 h,"Rounds, Heidi"
2023,1145,42:41:59 h,"Juras, Tomislav"
2023,1146,42:42:09 h,"Cocquebert, Guillaume"
2023,1147,42:42:44 h,"Honjo, Megumi"
2023,1148,42:43:50 h,"Liebowitz, Carissa"
2023,1149,42:44:26 h,"Rodriguez Gonzalez, Jose Manuel"
2023,1150,42:44:46 h,"Grochowski, Wojciech"
2023,1151,42:45:49 h,"Svensson, Per"
2023,1152,42:46:33 h,"Scott, Peter"
2023,1153,42:46:47 h,"Hancox, Christopher"
2023,1154,42:47:03 h,"Gomez Schmidtke, Alejandro"
2023,1155,42:47:49 h,"Lenoir, Thierry"
2023,1156,42:47:52 h,"Mazzini, Milena"
2023,1157,42:48:29 h,"Vincent, Charles-Olivier"
2023,1158,42:48:52 h,"Buisson, Julien"
2023,1159,42:48:56 h,"Forsbacka, Jörgen"
2023,1159,42:48:56 h,"Halvarsson, Tony"
2023,1161,42:49:20 h,"Sergent, Eric"
2023,1162,42:49:41 h,"Dias, Mario"
2023,1163,42:49:51 h,"Saumon, Bertrand"
2023,1163,42:49:51 h,"Graff, Cedric"
2023,1165,42:50:08 h,"Verheyden, Lars"
2023,1166,42:50:12 h,"Lorrain, Yoann"
2023,1167,42:50:45 h,"Vodenicharov, Aleksandar"
2023,1168,42:50:57 h,"Ceccolini, Andrea"
2023,1169,42:51:04 h,"Candra, Sianti"
2023,1170,42:51:18 h,"Lasgleyses, Cedric"
2023,1171,42:51:19 h,"Catala, Thierry"
2023,1172,42:52:13 h,"Onisse, Gregory"
2023,1173,42:52:32 h,"Catapano, Enrico"
2023,1174,42:53:28 h,"Chen, Gang"
2023,1175,42:53:58 h,N.N.
2023,1176,42:54:11 h,"Renard, Benoit"
2023,1177,42:54:15 h,"Coirier, Yoann"
2023,1178,42:54:40 h,"Wu, Xu-Dong (Jacky)"
2023,1179,42:55:03 h,"Vervaet, Timothy"
2023,1180,42:55:59 h,"Migueltorena, Marcos"
2023,1181,42:56:05 h,"Giraux, Karine"
2023,1182,42:56:48 h,"Chermette, Olivier"
2023,1183,42:57:33 h,"Charhon, Nicolas"
2023,1184,42:57:37 h,"Messy, Sebastien"
2023,1185,42:58:18 h,"Sjøberg, Bjørn"
2023,1186,42:58:34 h,"Minodier, Laurent"
2023,1187,42:59:29 h,"Berglind, Johanna"
2023,1188,42:59:30 h,"Allared, Anna"
2023,1189,43:00:04 h,"Frisch, Laszlo (Lacko)"
2023,1190,43:00:48 h,"Larcher, Stephane"
2023,1191,43:00:52 h,"Dilosquet, Olivier"
2023,1192,43:01:40 h,"Boljanic, Ivan"
2023,1193,43:01:58 h,"Sevin, Claude"
2023,1194,43:03:46 h,"Alfonsi, Alexandre"
2023,1195,43:03:51 h,"Boutry, Jerome"
2023,1196,43:03:54 h,"Carradore, Anthony"
2023,1197,43:04:25 h,"Pohl, Christian"
2023,1198,43:04:29 h,"Tirelli, Mattia"
2023,1198,43:04:29 h,"Lamy, Guillaume"
2023,1200,43:05:32 h,"Geldermans, Manolis"
2023,1201,43:06:14 h,"Blaise, Ghislain"
2023,1202,43:06:21 h,"Tang, Adrian"
2023,1203,43:06:50 h,"Larbes, Faycal"
2023,1204,43:07:05 h,"Lim, Handa"
2023,1205,43:07:24 h,"Escribano Jimenez, Francisco Javier"
2023,1206,43:07:30 h,"Bourrie, Francois"
2023,1207,43:08:07 h,"Ildirar, Selahattin"
2023,1207,43:08:07 h,"Mead, Jonathan"
2023,1209,43:09:15 h,"Wolfe, Chris"
2023,1210,43:09:18 h,"Bradburn, Michael"
2023,1211,43:09:51 h,"Sunyer Grau, Bernat"
2023,1212,43:09:59 h,"Antoniewicz, Jerzy Jacek"
2023,1213,43:10:29 h,"Butaye, Olivier"
2023,1214,43:10:34 h,"Apichatammarit, Palida"
2023,1215,43:11:06 h,"Maqueda, Audrey"
2023,1215,43:11:06 h,"Edøy, Odd"
2023,1217,43:11:10 h,"Manant, Bruno"
2023,1218,43:11:14 h,"Tutard, Christophe"
2023,1218,43:11:14 h,"Kenzoua, Laurent"
2023,1220,43:11:41 h,"Draskovic, Igor"
2023,1221,43:13:40 h,"Dupuy, Stephane"
2023,1222,43:13:57 h,"Ordonneau, Julien"
2023,1223,43:14:24 h,"Marsden, Marcus"
2023,1224,43:14:31 h,"Winter, Markus"
2023,1225,43:14:32 h,"Rodeka, Kirsten"
2023,1226,43:14:47 h,"Bourlet, Guillaume"
2023,1227,43:14:51 h,"Honore, Gaetan"
2023,1228,43:15:34 h,"Browne, Glen"
2023,1229,43:16:28 h,"Tuan Ismail, Tuan Hafandi"
2023,1230,43:16:40 h,"Bourgaud, Bryan"
2023,1231,43:17:19 h,"Hinchliffe, Sam"
2023,1232,43:17:33 h,"Frizzarin, Luca"
2023,1233,43:18:22 h,"Ishida, Takato"
2023,1233,43:18:22 h,"Osaka, Hirotsugu"
2023,1235,43:18:27 h,"Vincent, Marc"
2023,1236,43:18:53 h,"Huang, Helen"
2023,1236,43:18:53 h,"Wang, Xi"
2023,1238,43:19:36 h,"Bergero, Davide"
2023,1239,43:20:19 h,"Ding, Ling-Li"
2023,1239,43:20:19 h,"Chen, Yong-Chuang"
2023,1241,43:20:57 h,"Khoo, Chong-Beng (David)"
2023,1242,43:22:22 h,"Renard, Fabrice"
2023,1243,43:22:23 h,"Chabaud, Francois"
2023,1243,43:22:23 h,"Hermeloup, Geraud"
2023,1245,43:23:04 h,"Stragliotto, Marco"
2023,1246,43:24:46 h,"Dessambre, Nicolas"
2023,1247,43:25:11 h,"Close, Adam"
2023,1248,43:25:34 h,"Munday, Sarah"
2023,1249,43:25:54 h,"Pinot, Francois-Xavier"
2023,1250,43:26:38 h,"Galvez Gonzalez, Arturo"
2023,1251,43:27:12 h,"Thyl, Michael"
2023,1252,43:27:21 h,"Hatton, Vadim"
2023,1253,43:27:23 h,"Florio, Franco"
2023,1254,43:27:35 h,"Zhao, Lizu"
2023,1255,43:27:42 h,"Le Bell, Romain"
2023,1256,43:28:23 h,"Place, Sarah"
2023,1257,43:29:06 h,"Parfait, Guilhem"
2023,1258,43:29:22 h,"Hong Son, Nguyen"
2023,1259,43:29:32 h,"Bacle, Michael"
2023,1260,43:29:44 h,"Nakajima, Ema"
2023,1261,43:29:49 h,"Hallier, Vincent"
2023,1262,43:30:21 h,"Lee, Chi-Ho (Bryan)"
2023,1263,43:30:28 h,"Busatto, Luca"
2023,1264,43:30:37 h,"Martignago, Michele"
2023,1265,43:30:52 h,"Dartora, Ruben"
2023,1266,43:30:57 h,"Maraglia, Drew"
2023,1267,43:31:19 h,"Ongena, Ann"
2023,1268,43:31:24 h,"Habib, Olivier"
2023,1269,43:32:33 h,"Arima, Tomoyuki"
2023,1270,43:33:07 h,"Shaw, Derren"
2023,1271,43:33:22 h,"Nakano, Tetsuhiro"
2023,1272,43:33:53 h,"Jelinek, April"
2023,1273,43:34:59 h,"Houghton, Matthew"
2023,1274,43:36:16 h,"Nunez, Oscar"
2023,1275,43:37:32 h,"Lopez Garcia, Sandra Erika"
2023,1276,43:37:53 h,"Nieto Lajo, Mercedes Del Rosario"
2023,1277,43:38:10 h,"Deschamps, Herve"
2023,1278,43:38:43 h,"Baciu, Ionel Bogdan"
2023,1279,43:38:44 h,"Fornasier, Fausto"
2023,1280,43:39:14 h,"Roddeeying, Somkiat"
2023,1281,43:39:32 h,"Rascon Soto, Jordi"
2023,1282,43:39:38 h,"Towell, Nicholas"
2023,1283,43:40:13 h,"Löhrich, Saskia"
2023,1284,43:40:15 h,"Böcker, Daniel"
2023,1285,43:40:26 h,"Boulay, Rodolphe"
2023,1286,43:40:51 h,"Pilzer, Mattia"
2023,1287,43:41:14 h,"Ravenscroft, Paul"
2023,1288,43:41:48 h,"Perello Gelabert, Rafel"
2023,1289,43:41:56 h,"Wong, Wai-Lun"
2023,1290,43:42:34 h,"Bui, van Da"
2023,1291,43:42:50 h,"Zuelli, Stefano"
2023,1292,43:42:51 h,"Crovetti, Filippo"
2023,1292,43:42:51 h,"Micich, Alessandro"
2023,1294,43:42:57 h,"Cheung, Wilson"
2023,1295,43:43:28 h,"Lyngsie, Rune Michael Christian"
2023,1296,43:43:29 h,"Johansen, Per Bjarup"
2023,1297,43:43:52 h,"Blanchon, Thierry"
2023,1298,43:44:41 h,"Wong, Kwok-Hei (Emil)"
2023,1299,43:45:57 h,"Luna Sanchez, David"
2023,1300,43:46:14 h,"Babac, Mehmet Burak"
2023,1301,43:47:06 h,"Gomes Duarte da Silva, Catarina Maria"
2023,1302,43:47:12 h,"Bass, Ilya"
2023,1303,43:47:24 h,"Villa Garmendia, Albaro"
2023,1304,43:47:47 h,"Boncser, Zoltan"
2023,1305,43:48:14 h,"Lundgren, Ulf Tobias"
2023,1306,43:48:34 h,"Loder, Daniel"
2023,1307,43:48:35 h,"Coe, Jodine"
2023,1308,43:49:31 h,"Moore, Kevin"
2023,1309,43:49:40 h,"Asano, Taiyo"
2023,1310,43:49:50 h,"Azevedo Marques Barnabe, Antonio Miguel"
2023,1310,43:49:50 h,"Pereira, Jose Miguel"
2023,1312,43:50:42 h,"Klatt, Amanda"
2023,1313,43:51:01 h,"Restellini, Sebastien"
2023,1314,43:51:02 h,"Nakajima, Hiromitsu"
2023,1314,43:51:02 h,"Dapino, Sebastian"
2023,1316,43:51:38 h,"Cacao, Paulo"
2023,1317,43:51:56 h,"Caquineau, Romain"
2023,1318,43:53:10 h,"Kanazawa, Tomohiro"
2023,1319,43:54:28 h,"Fidalgo Diaz, Daniel"
2023,1320,43:54:37 h,"Podwika, Zbigniew"
2023,1321,43:55:09 h,"Duarte, Joao Ricardo"
2023,1322,43:56:11 h,"Liu, Fengling"
2023,1322,43:56:11 h,"Xhaet, Vincent"
2023,1322,43:56:11 h,"Darbilly, David"
2023,1325,43:56:22 h,"Brum Ribeiro, Breno"
2023,1326,43:56:44 h,"Kisvince, Tomas"
2023,1327,43:56:55 h,"Fontana, Renato"
2023,1328,43:57:10 h,"Seiberth, Gabriel"
2023,1329,43:58:04 h,"Hardes, Christoph"
2023,1330,43:58:47 h,"Nguyen, Thierry"
2023,1331,43:59:26 h,"Ponsolle, Fabien"
2023,1332,43:59:31 h,"Sampaio Marcal, Iago"
2023,1333,43:59:40 h,"Franceschetti, Omar"
2023,1334,43:59:47 h,"Laffineuse, Christophe"
2023,1335,43:59:57 h,"van Vreckem, Stijn"
2023,1336,43:59:58 h,"Gustinetti, Sergio"
2023,1337,44:00:13 h,"Martinov, Martin"
2023,1338,44:02:06 h,"Noel, Philippe"
2023,1338,44:02:06 h,"Vinet, Marc"
2023,1340,44:02:35 h,"Gendre, Olivier"
2023,1341,44:02:40 h,"Collier, Chris"
2023,1342,44:03:35 h,"Foucher, Joakim"
2023,1342,44:03:35 h,"Durand, Jean-Francois"
2023,1344,44:04:48 h,"Chartier, Christophe"
2023,1345,44:04:55 h,"Firth, Mark"
2023,1346,44:05:03 h,"Abe, Motonori"
2023,1347,44:05:04 h,"Vincendet, Jean-Baptiste"
2023,1348,44:05:05 h,"Humbert, Herve"
2023,1349,44:05:16 h,"Yamada, Atsushi"
2023,1350,44:05:51 h,"Stahala, Martin"
2023,1351,44:06:06 h,"Kheecharernsuk, Chalermchai"
2023,1352,44:06:10 h,"Alvarez Garcia, Jose Ignacio"
2023,1353,44:06:23 h,"Georgescu, Dorin"
2023,1354,44:06:33 h,"Proyer, Benjamin"
2023,1355,44:06:34 h,"Probierz, Boguslawa"
2023,1356,44:07:20 h,"Trasbot, Romain"
2023,1356,44:07:20 h,"Aubin, Matthieu"
2023,1358,44:07:47 h,"Ho, Yuen-Loong (Real)"
2023,1359,44:08:04 h,"Simpson, Mark"
2023,1360,44:08:09 h,"Zhou, Hui"
2023,1361,44:08:18 h,"Foster, Rhys"
2023,1362,44:08:27 h,"Kurihara, Yuta"
2023,1363,44:08:33 h,"Jeanson, Alexis"
2023,1364,44:08:58 h,"Gibson, Carrie"
2023,1365,44:09:06 h,"Krol Tomasko, Pawel Michal"
2023,1366,44:09:42 h,"Clark, Daniel"
2023,1367,44:09:48 h,"Sinrodthanakorn, Pathomporn"
2023,1368,44:10:25 h,"Zhou, Zhi-Zhong"
2023,1369,44:11:01 h,"Zak, Pawel"
2023,1370,44:11:10 h,"Alshizawi, Mohammed"
2023,1371,44:11:21 h,"Dailly, Thierry"
2023,1372,44:11:37 h,"Vogel, Josselin"
2023,1373,44:11:48 h,"Chaouachi, Youssri"
2023,1374,44:12:08 h,"Arriagada Moraga, Hector Felipe"
2023,1375,44:12:09 h,"Crampes, Julien Georges"
2023,1376,44:12:13 h,"Julisson, Gunnar"
2023,1377,44:12:16 h,"Leask, James"
2023,1378,44:12:43 h,"Heinke, Matthias"
2023,1379,44:13:12 h,"de Moura Spa, Fabio"
2023,1380,44:14:16 h,"Sauvage, Dominique"
2023,1381,44:15:37 h,"Yongwittayakul, Chawapong"
2023,1382,44:16:35 h,"Hakami, Nasser"
2023,1383,44:17:40 h,"Letessier, Philippe"
2023,1384,44:17:46 h,"de Rocquigny, Hugues"
2023,1385,44:19:55 h,"Holmstrup, Jens"
2023,1386,44:20:28 h,"Rauter, Dusan"
2023,1387,44:21:31 h,"Collado Jareno, Oscar"
2023,1388,44:21:42 h,"Vallar, Aurore"
2023,1389,44:22:05 h,"Warner, Sebastian"
2023,1390,44:22:45 h,"Canard, Alexandre"
2023,1391,44:23:01 h,"Sessantini, Ferdinando"
2023,1392,44:23:10 h,"Gonzalez Domenech, Daniel"
2023,1393,44:23:23 h,"Okamura, Koji"
2023,1394,44:23:41 h,"Irving, Stephanie"
2023,1395,44:24:41 h,"Nichols, Robbie"
2023,1396,44:24:57 h,"Smolen, Witold"
2023,1397,44:25:14 h,"Chaussonnet, Nicolas"
2023,1398,44:25:29 h,"Davies, Evan"
2023,1399,44:26:21 h,"Weissinger-Lusenberger, Anita"
2023,1400,44:26:51 h,"Endo, Masato"
2023,1401,44:27:17 h,"Costantini, Paolo"
2023,1402,44:28:06 h,"Ducasse, Antonin"
2023,1403,44:28:17 h,"Yhooyued, Kittipong"
2023,1404,44:28:18 h,"Chaillet, Frederic"
2023,1405,44:28:45 h,"Ishii, Akiko"
2023,1406,44:29:11 h,"Banu, Ovidiu"
2023,1407,44:30:15 h,"Srimueang, Nataya"
2023,1408,44:30:40 h,"Le Blaye, Jeremie"
2023,1409,44:30:42 h,"Liang, Da-Lin"
2023,1410,44:30:56 h,"Morino, Tetsuya"
2023,1411,44:31:41 h,"Herbet, Patrick"
2023,1411,44:31:41 h,"Hung, Wai"
2023,1413,44:32:08 h,"Zheng, Xiao-Hui"
2023,1414,44:32:42 h,"Ngui, Mau-Shun (Joseph)"
2023,1415,44:34:20 h,"Burq, Robin"
2023,1416,44:34:34 h,"Rodriguez Gomez, Javier"
2023,1417,44:34:42 h,"Park, Sungjae"
2023,1418,44:34:53 h,"Cai, Ying"
2023,1419,44:34:59 h,"Pereira, Miguel"
2023,1420,44:35:34 h,"Chagovets, Oleksiy"
2023,1421,44:36:02 h,"Meunier, Julien"
2023,1422,44:36:07 h,"Chevalier, Pierre"
2023,1423,44:36:55 h,"Duinkerken, Ronnie"
2023,1424,44:37:06 h,"De Andrea, Giacomo"
2023,1425,44:37:10 h,"Agostini, Matteo"
2023,1426,44:37:28 h,"Choy, Wai-Hung (Chris)"
2023,1427,44:37:46 h,"Kanai, Yuji"
2023,1428,44:38:02 h,"Hernandez Vega, Pablo"
2023,1429,44:38:22 h,"Labertrandie, Mathieu"
2023,1430,44:39:23 h,"Sashie, Daisuke"
2023,1431,44:39:39 h,"Marti Santamaria, Estefania"
2023,1432,44:39:40 h,"Berry, Richard Eardley Russell"
2023,1433,44:41:17 h,"Cheung, Kin-Hung (Billy)"
2023,1434,44:41:41 h,"Millard, Mark"
2023,1435,44:42:56 h,"Hidalgo, Rafael"
2023,1436,44:45:19 h,"Bigan, Guillaume"
2023,1437,44:45:38 h,"Fournier Delange, Vanessa"
2023,1438,44:45:45 h,"Bournonville, Ruddy"
2023,1439,44:45:48 h,"Meyer, Philippe"
2023,1440,44:45:57 h,"Ceyte, Nicolas"
2023,1441,44:46:02 h,"Flot, Pascal"
2023,1442,44:46:41 h,"Alquier, Magali"
2023,1442,44:46:41 h,"Vieilhomme, Stephane"
2023,1444,44:47:46 h,"Braun, Olivier"
2023,1445,44:47:56 h,"Cousins, Stephen"
2023,1446,44:48:33 h,"Gyevnar, Sandor"
2023,1447,44:48:53 h,"Cheng, Hau-Chung (Eric)"
2023,1448,44:49:08 h,"Khaw, Zhan-Wei"
2023,1449,44:49:50 h,"Vilela, Denes Daniel"
2023,1450,44:49:58 h,"Bellorini, Jose Ignacio"
2023,1451,44:50:53 h,"Kadosh, Shlomo"
2023,1452,44:50:57 h,"Palumbo, Simone"
2023,1453,44:51:19 h,"Vacher, Romain"
2023,1454,44:51:33 h,"Buccellato, Alexander"
2023,1455,44:51:46 h,"Ichido, Keisuke"
2023,1456,44:52:30 h,"Andrieux, Philippe"
2023,1457,44:52:54 h,"Majada Riba, Miquel"
2023,1458,44:53:08 h,"Wärmländer, Anna"
2023,1459,44:53:38 h,"Carel, Perrine"
2023,1460,44:53:39 h,"Ferreira, Ricardo"
2023,1461,44:53:44 h,"Lange, Nicki"
2023,1462,44:54:45 h,"Soriano, Franco"
2023,1463,44:55:34 h,"Pujol, Vincent"
2023,1464,44:56:53 h,"Kim, Hohyun"
2023,1465,44:57:13 h,"Lung, Chun-To (Lincoln)"
2023,1466,44:57:42 h,"Matheson, Rory"
2023,1467,44:57:48 h,"Florit Gomila, Juan Gabriel"
2023,1468,44:58:11 h,"Sohara, Kentaro"
2023,1469,44:58:38 h,"Feng, Rong-Huang"
2023,1470,44:58:58 h,"Chida, Naho"
2023,1471,44:59:14 h,"Wetzel, Evan"
2023,1472,44:59:21 h,"Nguyen, Lam"
2023,1473,44:59:34 h,"Kawai, Tetsuya"
2023,1474,44:59:36 h,"Valdelvira Nadal, Manuel"
2023,1474,44:59:36 h,"Millan Morales, Miguel Angel"
2023,1476,45:00:00 h,"Szczepanski, Jakub"
2023,1477,45:00:38 h,"van Heerden, Tina"
2023,1478,45:00:46 h,"Coulary, Patrice"
2023,1479,45:01:31 h,"Suzuki, Takahiro"
2023,1480,45:01:36 h,"Lee, Yoon-Jeong"
2023,1481,45:02:05 h,"Bourgeois, Valentin"
2023,1482,45:02:12 h,"Mismetti, Patrick"
2023,1483,45:02:16 h,"Ren, Mao-Zhuang"
2023,1484,45:02:28 h,"Curtis, Anna"
2023,1485,45:03:06 h,"Wang, Michael"
2023,1486,45:03:48 h,"Lavallee, Damien"
2023,1487,45:03:59 h,"Kowalkowski, Krzysztof"
2023,1488,45:04:08 h,"Nieto Lopez, Juan"
2023,1489,45:04:40 h,"Christie, Monty"
2023,1490,45:04:45 h,"Chung, Tsz-Man (Kairi)"
2023,1491,45:04:53 h,"Okada, Hiroki"
2023,1492,45:07:38 h,"Figgins, Troy"
2023,1493,45:07:45 h,"Abad Cubas, Isidro Javier"
2023,1494,45:08:13 h,"Yanadori, Koichi"
2023,1495,45:08:35 h,"Lebon, Sandrine"
2023,1496,45:08:36 h,"Ohama, Yuki"
2023,1496,45:08:36 h,"Bossis, Agnes"
2023,1498,45:08:41 h,"Brun, David"
2023,1499,45:09:02 h,"Fraison, Stephane"
2023,1500,45:09:04 h,"Korb, Dionatan"
2023,1500,45:09:04 h,"Natrella, Frederic"
2023,1502,45:09:06 h,"Esteoule-Bado, Laurent"
2023,1503,45:09:23 h,"Ronen, Ofer"
2023,1504,45:10:26 h,"Aida, Makoto"
2023,1505,45:11:09 h,"Thety, Jean-Michel"
2023,1506,45:11:10 h,"Nistri, Leonardo"
2023,1507,45:11:14 h,"Sakamoto, Kei"
2023,1508,45:12:00 h,"Boudet, Reynald"
2023,1509,45:12:15 h,"Maesoba, Taizo"
2023,1510,45:12:26 h,"Suarez Calubaquib, Jose Anton"
2023,1511,45:12:29 h,"Lienafa, Yann"
2023,1512,45:13:22 h,"Lanher, Alexandre"
2023,1513,45:13:30 h,"Lamers, Ben"
2023,1514,45:13:42 h,"Fresia, Giancarlo"
2023,1515,45:13:56 h,"Sritanyarat, Thongsuang"
2023,1516,45:14:08 h,"Poirot, Thibaut"
2023,1517,45:14:15 h,"Daniels, Thies"
2023,1518,45:14:16 h,"Ricard, Benjamin"
2023,1519,45:14:20 h,"Palancade, Morgan"
2023,1520,45:14:29 h,"Carmo, Luis"
2023,1521,45:15:24 h,"Chiavazza, Diego"
2023,1522,45:15:35 h,"Sakamoto, Yoji"
2023,1523,45:15:40 h,"Grillo, Ennio"
2023,1524,45:15:48 h,"Dickman, Ludvig"
2023,1525,45:16:08 h,"Ng, Ka-Lun (Alan)"
2023,1526,45:16:16 h,"Shah, Samir"
2023,1527,45:16:51 h,"Nadon, Norman"
2023,1528,45:16:53 h,"Shepherd, Paul"
2023,1529,45:16:56 h,"Novellas Gracia, Daniel"
2023,1530,45:17:06 h,"Testa, Christian"
2023,1531,45:17:11 h,"Winklmeier, Markus"
2023,1532,45:17:13 h,"Despeisse, Matthieu"
2023,1533,45:17:19 h,"Cantoni, Filippo"
2023,1534,45:17:52 h,"Yamazaki, Takahiro"
2023,1535,45:18:03 h,"Kolcz, Sarah"
2023,1536,45:18:09 h,"Murata, Ichiro"
2023,1537,45:18:19 h,"Gendry, Yannick"
2023,1538,45:19:07 h,"Preston, Jim"
2023,1539,45:19:40 h,"Donati, Riccardo"
2023,1540,45:19:52 h,"Loh, Brennon"
2023,1541,45:19:53 h,"Thrune, Barry"
2023,1542,45:20:23 h,"Munoz Jolo, Cezar"
2023,1543,45:21:11 h,"Morris, Richard"
2023,1544,45:21:14 h,"Wakefield, Russell"
2023,1545,45:21:15 h,"Challande, Patrick"
2023,1546,45:21:50 h,"Luk, Yuk"
2023,1547,45:22:28 h,"Donais, Tanya"
2023,1547,45:22:28 h,"Wipfli, Markus"
2023,1549,45:22:38 h,"Caillon, Pascal"
2023,1550,45:23:32 h,"Aunon Castellanas, Fernando"
2023,1551,45:25:01 h,"Diaz, Pablo"
2023,1552,45:25:02 h,"Kato, Takeshi"
2023,1553,45:25:35 h,"Cowler, Richard Alan"
2023,1554,45:25:47 h,"Mendoza Cortez, Fernando Eugenio"
2023,1555,45:26:06 h,"Delanner, Renaud"
2023,1556,45:26:16 h,"Sun, Lu"
2023,1557,45:26:25 h,"Montagna, Carlo"
2023,1558,45:26:39 h,"Marques, Goncalo"
2023,1559,45:27:25 h,"Konkol, Timo"
2023,1560,45:27:46 h,"Corcos, Gilles"
2023,1561,45:28:03 h,"Balahachi, Rafion"
2023,1562,45:28:14 h,"Kuhlman, Emanuela"
2023,1563,45:28:48 h,"Kerne, Emmanuel"
2023,1564,45:29:02 h,"Boom, Sander"
2023,1565,45:29:12 h,"Dudon, Marc"
2023,1566,45:29:16 h,"Guillemot, Cyrille"
2023,1567,45:29:51 h,"Lam, Koon-Chi (Trevor)"
2023,1568,45:29:59 h,"Tung, Hing-Lun"
2023,1569,45:30:07 h,"Wucher, Laura"
2023,1570,45:30:11 h,"Huang, Christopher"
2023,1571,45:30:14 h,"Kaburagi, Kazushige"
2023,1572,45:30:16 h,"Gantet, Olivier"
2023,1573,45:30:25 h,"Triano Aragon, Marcos"
2023,1574,45:30:36 h,"Bolduc, Jonathan"
2023,1575,45:31:02 h,"Charoin, Jean-Eric"
2023,1576,45:31:53 h,"Winaiwattanawong, Pariyakorn"
2023,1577,45:32:40 h,"Kumlien, Jason"
2023,1578,45:32:56 h,"Hirose, Kentaro"
2023,1579,45:33:08 h,"van der Stel, Barry"
2023,1580,45:33:38 h,"Temduang, Weerapan"
2023,1581,45:34:04 h,"Vrolant, Cedric"
2023,1582,45:34:06 h,"Bragard, Stephane"
2023,1583,45:34:40 h,"Sibert, Herve"
2023,1584,45:34:41 h,"Hakoda, Yusuke"
2023,1585,45:34:50 h,"Choi, Yuet-San"
2023,1586,45:34:58 h,"Ma, Jin"
2023,1587,45:35:03 h,"Lochon, Romain"
2023,1588,45:35:04 h,"Guillou, Yannick"
2023,1589,45:35:06 h,"Vernier, David"
2023,1590,45:35:24 h,"Büchi, Alex"
2023,1591,45:35:56 h,"Ohtani, Hideki"
2023,1592,45:36:04 h,"Ladefoged Møller Andersen, Andreas"
2023,1593,45:36:11 h,"Gegato, Jonathan"
2023,1594,45:36:54 h,"Gallardo Cruz, Fausto"
2023,1595,45:37:17 h,"Mostefaoui, Soffyane"
2023,1596,45:37:19 h,"Fairclough, Paul"
2023,1597,45:37:23 h,"Fujishita, Katsuhiro"
2023,1598,45:37:24 h,"Oltramari, Marco"
2023,1599,45:37:25 h,"Marino, Mattia"
2023,1600,45:37:47 h,"Sojka, Matus"
2023,1601,45:38:13 h,"Bou Planell, Pere"
2023,1602,45:38:31 h,"Suzuki, Takeshi"
2023,1603,45:38:38 h,"Ibouth, Jean-Philippe"
2023,1604,45:38:48 h,"Mahfoud, Meryem"
2023,1605,45:38:57 h,"Marconi, Massimo"
2023,1606,45:39:50 h,"Laug, Nicolas"
2023,1607,45:39:51 h,"Henscheid, Stefan"
2023,1608,45:39:52 h,"Cowan, Nigel"
2023,1609,45:40:46 h,"Maurel, Nathalie"
2023,1610,45:41:21 h,"Sidorski, Benjamin"
2023,1611,45:41:25 h,"Messighaoui, Nicolas"
2023,1612,45:41:47 h,"Chevriot, Virginie"
2023,1613,45:41:48 h,"Rota, Pascal"
2023,1614,45:41:59 h,"Nueva, Benjamin Jr."
2023,1615,45:42:14 h,"Ronchaud, Vanessa"
2023,1616,45:42:18 h,"Pereira, Nuno"
2023,1617,45:42:32 h,"Hay, Emerson"
2023,1618,45:42:43 h,"Savage, Tara Renee"
2023,1619,45:44:31 h,"Chan, Shermayne"
2023,1620,45:44:41 h,"Dziumak, Jakub"
2023,1621,45:45:02 h,"Pollono, Massimiliano"
2023,1622,45:46:53 h,"Faure, Benoit"
2023,1623,45:47:16 h,"Kavanagh, Gordon"
2023,1624,45:48:55 h,"Hui, Chi-Sang (Anthony)"
2023,1625,45:48:57 h,"Famechon, Christophe"
2023,1626,45:49:37 h,"Delvaux, David"
2023,1627,45:49:46 h,"Fung, Yat-Yin (Ivan)"
2023,1628,45:49:50 h,"Devy, Francois"
2023,1629,45:49:55 h,"Bessereau, Jacques"
2023,1630,45:50:09 h,"Aja Fresnedo, Alejandro"
2023,1631,45:50:42 h,"Vandenbussche, Dennis"
2023,1632,45:50:55 h,"Lidster, Clint"
2023,1633,45:51:25 h,"Goyvaerts, Tijl"
2023,1634,45:51:33 h,"Mulder, Maarten"
2023,1635,45:51:37 h,"Wittayaphan, Yannawit"
2023,1636,45:54:28 h,"Chabillon, Tom"
2023,1637,45:54:35 h,"Barbe, Anthony"
2023,1638,45:54:55 h,"Nintorn, Thanawat"
2023,1639,45:55:30 h,"Paganin, Edy"
2023,1640,45:55:32 h,"Bramante, Paolo"
2023,1641,45:55:37 h,"Li, Ping-Hei"
2023,1642,45:57:09 h,"Hitomi, Masahiro"
2023,1643,45:57:51 h,"Maringoli, Carlos"
2023,1644,45:58:01 h,"Cooper Imhof, Iris"
2023,1645,45:58:24 h,"Saito, Tomoshi"
2023,1646,45:58:35 h,"Sanguanpiyapand, Pylin Jane"
2023,1647,45:58:55 h,"Nakamura, Kei"
2023,1648,45:59:14 h,"Costa, Andre"
2023,1649,45:59:57 h,"Smith, Mike"
2023,1650,46:00:19 h,"Blum, Olivier"
2023,1651,46:00:33 h,"Boes, Christophe"
2023,1652,46:00:35 h,"Fujii, Kiyohiro"
2023,1653,46:00:53 h,"Gamio Alvarado, Enrique"
2023,1654,46:00:58 h,"Shiva, Sankalp"
2023,1655,46:01:03 h,"Hong, Jonghee"
2023,1656,46:01:08 h,"Cha, Young-Ok"
2023,1657,46:01:11 h,"Andre, Thomas"
2023,1658,46:01:17 h,"Cheung, Man-Kin"
2023,1659,46:01:22 h,"Chiang, Chung-Wei"
2023,1660,46:01:32 h,"Bezza, Hakime"
2023,1661,46:01:44 h,"Coggi, Andrea"
2023,1662,46:01:48 h,"Kanjanasuttiyakorn, Threerawat"
2023,1663,46:02:02 h,"Kajita, Teruhiko"
2023,1664,46:02:06 h,"Bunlum, Nattha"
2023,1665,46:02:16 h,"Rossato, Pietro"
2023,1666,46:02:20 h,"Jallade, Pierre-Olivier"
2023,1667,46:02:24 h,"Flückiger, Muriel"
2023,1668,46:02:51 h,"Thibault-Liger, Julien"
2023,1669,46:03:26 h,"Thalmann, Christian"
2023,1670,46:03:55 h,"Ng, Kit-Howe"
2023,1671,46:04:01 h,"Tunnard, Scott"
2023,1672,46:04:10 h,"Pollheimer, Jürgen"
2023,1673,46:04:48 h,"Licciardi, Gregory"
2023,1674,46:04:52 h,"Siu, Kai-Chee"
2023,1675,46:05:39 h,"Winslade, Andrew"
2023,1676,46:06:12 h,"Gres Vala, Oskar"
2023,1677,46:06:18 h,"Gkoros, Kliton"
2023,1678,46:07:03 h,"Yamamoto, Toshihiro"
2023,1679,46:07:38 h,"Vescovo, Michele"
2023,1680,46:07:50 h,"Fiore, Emilio Angelo"
2023,1681,46:09:00 h,"Urteaga, Tania"
2023,1682,46:09:22 h,"Kim, Young-Ha"
2023,1683,46:09:23 h,"Suh, Seung-Woo"
2023,1684,46:09:39 h,"Costa Martins, Manuel Carlos"
2023,1685,46:09:47 h,"Cheung, Hoi-Yee"
2023,1686,46:09:48 h,"Ng, Kwai-Fuk (Jessica)"
2023,1687,46:10:05 h,"Allen, Matthew"
2023,1688,46:10:11 h,"Toldo, Alberto"
2023,1689,46:10:15 h,"Kitano, Shuntaro"
2023,1690,46:10:18 h,"Wiggen, Frode"
2023,1691,46:11:35 h,"Hernot, Jerome"
2023,1692,46:12:01 h,"Al Harthi, Hamed"
2023,1693,46:12:13 h,"Fabre, Bruno"
2023,1694,46:12:38 h,"Elebring, David"
2023,1695,46:12:50 h,"Brossier, Thomas"
2023,1696,46:13:08 h,"Riedi, Mattias"
2023,1697,46:13:16 h,"Tajima, Kazuhito"
2023,1698,46:13:49 h,"Estacio, Nuno"
2023,1699,46:15:54 h,"Aida, Yukiko"
2023,1700,46:16:09 h,"Vizzini, Salvatore"
2023,1701,46:16:32 h,"Haydochian, Jorge Avedis"
2023,1702,46:17:23 h,"Dartois, David"
2023,1703,46:17:33 h,"Delgado Espinoza, Max Francisco"
2023,1704,46:17:47 h,"Sato, Yuko"
2023,1705,46:17:58 h,"Kwong, Chi-Chun (Rickie)"
2023,1706,46:18:04 h,"Saito, Fumika"
2023,1707,46:18:06 h,"Guislain, Aurore"
2023,1708,46:18:13 h,"Simonet, Nicolas"
2023,1709,46:18:47 h,"Karl, Christopher"
2023,1710,46:19:03 h,"Battson, Elaine"
2023,1711,46:19:05 h,"Lemaitre, Stephane"
2023,1712,46:19:06 h,"Gafita, Paul Emanuel"
2023,1713,46:19:14 h,"Tse, Tsz-Chung"
2023,1714,46:19:36 h,"Banh, Hoa"
2023,1715,46:20:25 h,"Konuma, Akira"
2023,1716,46:20:27 h,"Montchamp, Matthieu"
2023,1717,46:20:29 h,"Attali, Pierre"
2023,1718,46:20:33 h,"Chene, Christophe"
2023,1719,46:20:35 h,"Quijal Valero, Salvador"
2023,1719,46:20:35 h,"Devine, Adam"
2023,1719,46:20:35 h,"Gallo Crespo, Saul Gaston"
2023,1722,46:20:36 h,"Suesaowalak, Surasak"
2023,1723,46:20:43 h,"Mittaut, Jean-Baptiste"
2023,1724,46:21:41 h,"Wen, Ning"
2023,1725,46:22:20 h,"Cavill, Kimberley"
2023,1726,46:23:00 h,"Sedille, Olivier"
2023,1727,46:23:07 h,"Husson, Gaetan"
2023,1728,46:23:27 h,"Rapelli, Roberto"
2023,1729,46:23:29 h,"Cheville, Simon"
2023,1730,46:24:18 h,"Nishio, Amon"
2023,1731,46:26:12 h,"Lehtola, Jani"
2023,1732,46:26:40 h,"Wiart, Matthieu"
2023,1733,46:27:37 h,"Benavent Gil, Hector"
2023,1734,46:27:56 h,"Hack, Peter"
2023,1735,46:27:58 h,"Yawichai, Prayoon"
2023,1736,46:28:16 h,"Lam, Pak-Yin"
2023,1737,46:28:19 h,"Mu, Jie"
2023,1738,46:29:28 h,"Poggi, Anibal Jose"
2023,1739,46:29:34 h,"Chan, Peter"
2023,1740,46:29:41 h,"Mahmud, Ekhman Faris"
2023,1741,46:30:00 h,"Augier, Frederic"
2023,1742,46:30:14 h,"Pellerin, Alexandra"
2023,1743,46:30:18 h,"Royer, Anthony"
2023,1744,46:30:20 h,"Le Baron, Mickael"
2023,1745,46:33:27 h,"Anglister, David-Laurent"
2023,1746,46:35:51 h,"Bujes, Marc-Henri"
2023,1747,46:39:45 h,"You, Yang"
2023,1748,46:41:14 h,"Chirakranont, Win"
2023,1749,46:41:48 h,"Martinez Mazzola, Fernando Xavier"
2023,1750,46:54:11 h,"Berben, Jean-Michael"
2023,1751,46:54:13 h,"Lo, Kin-Hing (Alan)"
2023,1752,47:05:47 h,"Husain, Fatema"
2023,1753,47:34:21 h,"Nousbaum, Frederic"
2023,1754,47:34:25 h,"Nousbaum, Edouard"
2023,1755,47:38:12 h,"Loane, Kim"
2023,1756,47:41:14 h,"Monteiro Vidal Ferreira, Andrea"
2023,1757,2d 00:16:29 h,"Tran, Philippe"
2023,1758,46:11:44 h,"Prathanthip, Naruphon"
2023,1759,46:11:46 h,"Turlan-Vivares, Sabine"
2023,1760,46:11:57 h,"Troglia, Enea Stefano"
2023,1761,46:11:59 h,"Addesa, Sandro"
2023,1762,46:12:10 h,"Borie, Damien"
2023,1763,46:13:07 h,"Chankseliani, Larissa"
2023,1764,46:13:44 h,"Hattori, Jun"
2023,1765,46:14:06 h,"Roth, Olivier"
2023,1766,46:14:33 h,"Fowler, Ade"
2023,1767,46:15:07 h,"Vaudry, Franck"
2023,1767,46:15:07 h,"Buitrago Rodriguez, Oscar Javier"
2023,1769,46:15:11 h,"Viklund Borg, Clara"
2023,1770,46:15:58 h,"Loubet, Isabelle"
2023,1771,46:16:40 h,"Michalak, Slawomir"
2023,1772,46:17:21 h,"Kobayashi, Daiki"
2023,1773,46:18:03 h,"Sol, Julien"
2023,1774,46:18:11 h,"Ohashi, Haruhiko"
2023,1775,46:18:28 h,"Soave, Roberta"
2023,1776,46:18:31 h,"Tomasi, Roberto"
2023,1777,46:18:38 h,"Hiyama, Mariko"
2023,1778,46:18:52 h,"Drechsler, Jean-Michel"
2023,1779,46:20:41 h,"Ahn, Byeong-Sik"
2023,1780,46:21:49 h,"Dugandzic, Marko"
2023,1781,46:22:34 h,"Mimura, Norio"
2023,1782,46:22:46 h,"Pereira, Jose"
2023,1783,46:23:26 h,"Marques Sula, Caroline"
2023,1784,46:23:36 h,"Daunay, Bruno"
2023,1785,46:24:10 h,"Griffaton, Pierre"
2023,1786,46:26:23 h,"Gulie, Radu"
2023,1787,46:26:24 h,"Dirvareanu, Roxana Gabriela"
2023,1788,46:48:44 h,"Tazo, Masahiro"
2023,1789,47:11:53 h,"Suyama, Tomio"
